user_id,user_id,event_sequence,segment_rf,plan_type,country,device_type,industry,segment_rf,0,1,2,3
00381c5b-527e-48d7-a78e-3406a3479620,00381c5b-527e-48d7-a78e-3406a3479620,"['checkout_start', 'payment_success', 'logout', 'logout', 'payment_success', 'feature_click', 'login', 'trial_extension', 'payment_success', 'payment_success', 'logout', 'checkout_start', 'payment_success', 'payment_success', 'logout', 'payment_success', 'payment_success', 'payment_success', 'payment_success', 'login', 'checkout_start', 'checkout_start', 'checkout_start', 'trial_extension', 'checkout_start', 'payment_success', 'login', 'logout', 'logout', 'checkout_start', 'logout']",loyal_customers_rf,Free,France,Desktop,Healthcare,loyal_customers_rf,2.674789474361385,-1.950960111924684,0.9556005004152175,-0.16889160666359385
00aaca82-902d-467b-8b52-47cc2dd04076,00aaca82-902d-467b-8b52-47cc2dd04076,"['logout', 'checkout_start', 'trial_extension', 'trial_extension', 'feature_click', 'logout', 'login', 'checkout_start', 'checkout_start', 'login', 'trial_extension', 'checkout_start', 'checkout_start', 'payment_success', 'trial_extension', 'logout', 'logout', 'login', 'payment_success', 'trial_extension', 'payment_success', 'feature_click', 'login', 'checkout_start', 'checkout_start', 'payment_success', 'feature_click', 'login']",hibernating_rf,Business,UK,Mobile,Healthcare,hibernating_rf,-1.6291900836207975,0.4496986524694373,1.1041746014139724,-0.16603384090355092
00d8c689-f2a7-448b-9393-20a6adca0868,00d8c689-f2a7-448b-9393-20a6adca0868,"['payment_success', 'payment_success', 'checkout_start', 'payment_success', 'trial_extension', 'logout', 'payment_success', 'login', 'trial_extension', 'trial_extension', 'login', 'payment_success', 'payment_success', 'login', 'payment_success', 'trial_extension', 'feature_click', 'payment_success', 'trial_extension', 'trial_extension', 'login', 'trial_extension', 'payment_success', 'logout']",cant_loose_rf,Pro,Germany,Desktop,Healthcare,cant_loose_rf,1.7679539801971305,-2.0959528101740634,0.1420385225858568,-0.23962451963060558
0429cb6a-75bd-4ff9-ba88-37483e5f3e33,0429cb6a-75bd-4ff9-ba88-37483e5f3e33,"['payment_success', 'login', 'payment_success', 'trial_extension', 'payment_success', 'trial_extension', 'logout', 'payment_success', 'trial_extension', 'checkout_start', 'logout', 'trial_extension', 'login', 'feature_click', 'login', 'logout', 'logout', 'logout', 'payment_success', 'payment_success', 'login', 'feature_click', 'login', 'payment_success', 'logout']",champions_rf,Free,Germany,Mobile,Healthcare,champions_rf,1.6313737527660552,0.6497310535092837,-0.12711366366729795,0.05273535561507313
051b167b-c30d-4155-a35a-6093f480ea88,051b167b-c30d-4155-a35a-6093f480ea88,"['checkout_start', 'checkout_start', 'logout', 'logout', 'payment_success', 'checkout_start', 'feature_click', 'logout', 'logout', 'trial_extension', 'payment_success', 'logout', 'logout', 'logout', 'login', 'feature_click', 'payment_success', 'logout', 'login', 'trial_extension', 'checkout_start', 'feature_click', 'trial_extension', 'trial_extension', 'trial_extension', 'checkout_start']",new_customers_rf,Business,France,Mobile,SaaS,new_customers_rf,0.17460400888578442,0.9612627784041274,-0.14412201374067432,1.1831368220333305
059bff93-8694-4827-9d24-de56ef000fc7,059bff93-8694-4827-9d24-de56ef000fc7,"['feature_click', 'trial_extension', 'payment_success', 'logout', 'payment_success', 'trial_extension', 'logout', 'login', 'logout', 'feature_click', 'payment_success', 'feature_click', 'payment_success', 'logout', 'trial_extension', 'login', 'login', 'checkout_start', 'login', 'trial_extension', 'feature_click', 'payment_success', 'payment_success', 'trial_extension', 'login', 'trial_extension', 'trial_extension', 'logout', 'login', 'payment_success', 'feature_click', 'feature_click']",loyal_customers_rf,Business,UK,Desktop,Healthcare,loyal_customers_rf,0.8869589792830576,0.40142121990080226,-0.04024642482820587,-0.5190429793048287
0dbb7dbb-5bee-4151-b5dc-d3f9b50b8ae2,0dbb7dbb-5bee-4151-b5dc-d3f9b50b8ae2,"['trial_extension', 'payment_success', 'trial_extension', 'payment_success', 'login', 'payment_success', 'feature_click', 'checkout_start', 'checkout_start', 'trial_extension', 'login', 'logout', 'logout', 'checkout_start', 'payment_success', 'login', 'trial_extension', 'checkout_start', 'feature_click', 'payment_success', 'feature_click', 'trial_extension', 'trial_extension', 'payment_success', 'trial_extension', 'login', 'logout', 'payment_success', 'payment_success', 'payment_success', 'payment_success', 'payment_success', 'payment_success', 'feature_click', 'trial_extension']",cant_loose_rf,Free,France,Mobile,SaaS,cant_loose_rf,2.7731789511057396,0.32325486989671276,0.96445682388254,-1.2832801039002626
0e7b2651-6e0b-406c-8734-67adb6189838,0e7b2651-6e0b-406c-8734-67adb6189838,"['payment_success', 'feature_click', 'logout', 'logout', 'payment_success', 'feature_click', 'logout', 'trial_extension', 'feature_click', 'checkout_start', 'payment_success', 'payment_success', 'checkout_start', 'feature_click', 'checkout_start', 'login', 'feature_click', 'checkout_start', 'trial_extension', 'checkout_start', 'feature_click', 'login', 'payment_success', 'login', 'payment_success', 'logout', 'logout', 'feature_click', 'feature_click']",need_attention_rf,Pro,UK,Mobile,Healthcare,need_attention_rf,0.862345034068317,0.44783491487152144,-0.579653537325609,-0.27493579945400753
1037e026-6055-4c3c-8583-098e2a2bf832,1037e026-6055-4c3c-8583-098e2a2bf832,"['login', 'logout', 'payment_success', 'checkout_start', 'trial_extension', 'logout', 'checkout_start', 'trial_extension', 'trial_extension', 'trial_extension', 'login', 'login', 'login', 'logout', 'payment_success', 'trial_extension', 'logout', 'logout', 'feature_click', 'logout', 'logout', 'payment_success', 'trial_extension', 'trial_extension', 'logout', 'checkout_start', 'payment_success', 'trial_extension']",potential_loyalists_rf,Free,Germany,Mobile,SaaS,potential_loyalists_rf,-0.38406895085126447,0.334311452875134,-0.8580604901759109,-0.30717552566727596
10f96bdb-f0eb-402a-bf68-d09638a5252a,10f96bdb-f0eb-402a-bf68-d09638a5252a,"['logout', 'logout', 'login', 'logout', 'login', 'logout', 'feature_click', 'login', 'payment_success', 'checkout_start', 'login', 'trial_extension', 'checkout_start', 'payment_success', 'trial_extension', 'feature_click', 'logout', 'login', 'payment_success', 'payment_success', 'login', 'logout', 'login', 'feature_click', 'checkout_start', 'logout']",potential_loyalists_rf,Free,Germany,Desktop,Healthcare,potential_loyalists_rf,-1.0632259323619186,0.3972499253811176,0.2122495597822071,-0.2301891521597896
135b321e-2861-4195-830a-761f5893fec8,135b321e-2861-4195-830a-761f5893fec8,"['checkout_start', 'logout', 'feature_click', 'logout', 'logout', 'payment_success', 'feature_click', 'feature_click', 'payment_success', 'logout', 'checkout_start', 'login', 'checkout_start', 'payment_success', 'logout', 'checkout_start', 'trial_extension', 'checkout_start', 'checkout_start', 'payment_success', 'checkout_start', 'login', 'feature_click', 'logout']",hibernating_rf,Business,Turkey,Desktop,Healthcare,hibernating_rf,-0.2056183286271455,0.6350700135719352,-0.0530026873832381,0.32875812050886455
1553a711-8d9d-437e-9d45-92ca2a31ac70,1553a711-8d9d-437e-9d45-92ca2a31ac70,"['checkout_start', 'checkout_start', 'trial_extension', 'payment_success', 'checkout_start', 'feature_click', 'checkout_start', 'trial_extension', 'logout', 'feature_click', 'login', 'payment_success', 'logout', 'logout', 'logout', 'logout', 'checkout_start', 'checkout_start', 'payment_success', 'payment_success', 'feature_click', 'feature_click', 'checkout_start', 'payment_success', 'trial_extension', 'payment_success', 'payment_success']",cant_loose_rf,Business,Germany,Mobile,E-Commerce,cant_loose_rf,1.291795262010728,0.6812002897622755,0.4080413613117609,0.09122854236881636
17a888ba-6992-4399-889c-8f3b53bf2b56,17a888ba-6992-4399-889c-8f3b53bf2b56,"['feature_click', 'trial_extension', 'login', 'trial_extension', 'login', 'trial_extension', 'payment_success', 'login', 'trial_extension', 'logout', 'feature_click', 'checkout_start', 'feature_click', 'trial_extension', 'payment_success', 'payment_success', 'payment_success', 'login', 'checkout_start', 'login', 'checkout_start', 'logout', 'feature_click', 'feature_click']",hibernating_rf,Pro,Turkey,Mobile,E-Commerce,hibernating_rf,-0.31881115887892114,0.6455597589895992,0.12538232094311488,0.3415891827601123
195ae1fb-f831-427d-bb3e-2a54277d5811,195ae1fb-f831-427d-bb3e-2a54277d5811,"['trial_extension', 'feature_click', 'feature_click', 'payment_success', 'logout', 'trial_extension', 'logout', 'trial_extension', 'login', 'logout', 'feature_click', 'login', 'logout', 'logout', 'trial_extension', 'logout', 'logout', 'logout', 'trial_extension', 'checkout_start', 'trial_extension', 'checkout_start', 'payment_success', 'trial_extension', 'checkout_start', 'feature_click', 'login']",about_to_sleep_rf,Pro,Germany,Desktop,Healthcare,about_to_sleep_rf,-1.5172901055190702,0.2102982454610827,-1.3148524513525657,-0.3522463141317922
1996f70f-ad12-43c5-b576-842a6b9eafa5,1996f70f-ad12-43c5-b576-842a6b9eafa5,"['payment_success', 'checkout_start', 'payment_success', 'login', 'feature_click', 'trial_extension', 'trial_extension', 'feature_click', 'feature_click', 'feature_click', 'feature_click', 'login', 'checkout_start', 'payment_success', 'checkout_start', 'feature_click', 'login', 'feature_click', 'payment_success', 'checkout_start', 'login', 'payment_success', 'logout', 'login', 'payment_success', 'payment_success']",cant_loose_rf,Business,France,Mobile,Healthcare,cant_loose_rf,1.6313737527660552,0.6497310535092837,-0.12711366366729795,0.05273535561507313
1bf1deb4-62e9-417f-a96c-e8fcc94deba8,1bf1deb4-62e9-417f-a96c-e8fcc94deba8,"['logout', 'feature_click', 'checkout_start', 'login', 'checkout_start', 'login', 'checkout_start', 'checkout_start', 'checkout_start', 'payment_success', 'login', 'payment_success', 'trial_extension', 'login', 'feature_click', 'trial_extension', 'checkout_start', 'trial_extension', 'checkout_start', 'payment_success', 'checkout_start', 'payment_success', 'payment_success', 'feature_click', 'feature_click', 'login', 'login', 'login', 'logout', 'logout', 'payment_success']",loyal_customers_rf,Free,USA,Mobile,Healthcare,loyal_customers_rf,0.3616386747817818,0.8115319480743062,1.2957143154251816,0.43798422022961947
1d32b55c-4620-4831-ad0b-6872774f339b,1d32b55c-4620-4831-ad0b-6872774f339b,"['login', 'login', 'payment_success', 'logout', 'feature_click', 'payment_success', 'feature_click', 'payment_success', 'trial_extension', 'feature_click', 'feature_click', 'logout', 'login', 'feature_click', 'login', 'feature_click', 'checkout_start', 'trial_extension', 'feature_click', 'feature_click', 'payment_success', 'payment_success', 'payment_success', 'checkout_start', 'logout', 'feature_click', 'payment_success', 'login', 'trial_extension', 'logout', 'login', 'trial_extension']",champions_rf,Pro,France,Mobile,SaaS,champions_rf,0.5215399952775489,-2.2094762721704506,-0.13636843026444515,-0.27186424584387414
1f9d4d16-3257-442f-8fb1-6d426d54607f,1f9d4d16-3257-442f-8fb1-6d426d54607f,"['payment_success', 'trial_extension', 'login', 'checkout_start', 'trial_extension', 'checkout_start', 'payment_success', 'trial_extension', 'feature_click', 'feature_click', 'trial_extension', 'login', 'feature_click', 'login', 'checkout_start', 'payment_success', 'logout', 'login', 'logout', 'logout', 'payment_success', 'trial_extension']",potential_loyalists_rf,Business,UK,Mobile,E-Commerce,potential_loyalists_rf,-0.1576832903477131,0.3133319620398061,-1.2148305068286167,-0.33283765016977146
20b116bd-8295-4845-929b-31ebc5e3559f,20b116bd-8295-4845-929b-31ebc5e3559f,"['checkout_start', 'logout', 'payment_success', 'trial_extension', 'login', 'trial_extension', 'payment_success', 'feature_click', 'payment_success', 'checkout_start', 'logout', 'payment_success', 'login', 'trial_extension', 'login', 'trial_extension', 'login', 'payment_success', 'checkout_start', 'logout', 'login', 'payment_success', 'checkout_start', 'login', 'trial_extension', 'checkout_start', 'trial_extension', 'login']",at_risk_rf,Business,Turkey,Desktop,Healthcare,at_risk_rf,0.270540389559257,-2.142083086364404,-0.3190055261091422,-0.002094941490557507
252d0091-bae4-4c5b-9caf-17cec47c4485,252d0091-bae4-4c5b-9caf-17cec47c4485,"['feature_click', 'checkout_start', 'trial_extension', 'trial_extension', 'trial_extension', 'logout', 'login', 'feature_click', 'login', 'payment_success', 'trial_extension', 'trial_extension', 'login', 'login', 'login', 'logout', 'login', 'login', 'checkout_start', 'checkout_start', 'feature_click', 'login', 'payment_success', 'trial_extension', 'payment_success', 'logout', 'checkout_start', 'login', 'logout', 'trial_extension', 'trial_extension', 'logout', 'payment_success']",potential_loyalists_rf,Business,UK,Desktop,Education,potential_loyalists_rf,-0.6583896496342484,0.677028995242591,0.6605373459221736,0.3800823695138555
29540d3c-9d45-4575-ad9d-3b9c3b52b12e,29540d3c-9d45-4575-ad9d-3b9c3b52b12e,"['payment_success', 'login', 'logout', 'trial_extension', 'feature_click', 'payment_success', 'payment_success', 'payment_success', 'trial_extension', 'checkout_start', 'payment_success', 'feature_click', 'payment_success', 'payment_success', 'payment_success', 'payment_success', 'checkout_start', 'trial_extension', 'feature_click', 'feature_click', 'checkout_start', 'payment_success', 'checkout_start', 'login', 'payment_success', 'payment_success', 'checkout_start', 'logout', 'checkout_start', 'feature_click', 'payment_success']",loyal_customers_rf,Business,UK,Mobile,Healthcare,loyal_customers_rf,3.2899815160497443,-2.096236228954442,1.1424896837782588,-0.7212612776214751
2b303091-c374-481c-8b30-04070f6ae88a,2b303091-c374-481c-8b30-04070f6ae88a,"['trial_extension', 'trial_extension', 'logout', 'payment_success', 'logout', 'login', 'checkout_start', 'trial_extension', 'checkout_start', 'trial_extension', 'checkout_start', 'payment_success', 'feature_click', 'payment_success', 'checkout_start', 'trial_extension', 'login', 'trial_extension', 'login', 'payment_success', 'logout', 'login', 'login', 'feature_click', 'checkout_start', 'checkout_start', 'payment_success', 'payment_success', 'checkout_start', 'feature_click', 'logout', 'feature_click', 'feature_click']",at_risk_rf,Free,Turkey,Desktop,SaaS,at_risk_rf,1.040795656292436,0.7485934755683226,0.22540426546706382,0.36099784672213303
2bb0316b-3161-46c5-9626-153266e61d7c,2bb0316b-3161-46c5-9626-153266e61d7c,"['payment_success', 'login', 'logout', 'trial_extension', 'trial_extension', 'payment_success', 'payment_success', 'trial_extension', 'trial_extension', 'feature_click', 'payment_success', 'login', 'login', 'login', 'checkout_start', 'checkout_start', 'payment_success', 'checkout_start', 'checkout_start', 'logout', 'login', 'trial_extension', 'checkout_start', 'login', 'trial_extension', 'checkout_start', 'logout', 'payment_success', 'login', 'trial_extension', 'payment_success']",cant_loose_rf,Free,Germany,Desktop,E-Commerce,cant_loose_rf,1.6313737527660552,0.6497310535092837,-0.12711366366729795,0.05273535561507313
2cc5e8fb-5e56-4d32-8555-8e0a982eed4a,2cc5e8fb-5e56-4d32-8555-8e0a982eed4a,"['payment_success', 'payment_success', 'checkout_start', 'logout', 'trial_extension', 'payment_success', 'trial_extension', 'checkout_start', 'feature_click', 'trial_extension', 'feature_click', 'logout', 'login', 'payment_success', 'payment_success', 'trial_extension', 'trial_extension', 'checkout_start', 'login', 'trial_extension', 'logout', 'checkout_start', 'logout', 'trial_extension', 'login', 'checkout_start', 'logout', 'logout', 'checkout_start']",potential_loyalists_rf,Free,UK,Desktop,SaaS,potential_loyalists_rf,1.6474036543089172,1.053806749565187,-0.2224850775430785,1.1897144237441035
2d9ca1db-1d0e-498f-ac32-72c9c860cf48,2d9ca1db-1d0e-498f-ac32-72c9c860cf48,"['checkout_start', 'feature_click', 'trial_extension', 'trial_extension', 'payment_success', 'feature_click', 'logout', 'payment_success', 'payment_success', 'payment_success', 'payment_success', 'checkout_start', 'checkout_start', 'logout', 'login', 'checkout_start', 'payment_success', 'logout', 'logout', 'login', 'checkout_start', 'payment_success', 'logout', 'logout', 'checkout_start', 'login', 'payment_success', 'checkout_start', 'logout', 'payment_success']",loyal_customers_rf,Free,Turkey,Mobile,Healthcare,loyal_customers_rf,2.1986307561749823,0.8261929880116547,1.2216033391411216,0.16196145533582804
30cf79f2-0dc6-4b98-b677-d9937e163757,30cf79f2-0dc6-4b98-b677-d9937e163757,"['logout', 'feature_click', 'feature_click', 'checkout_start', 'feature_click', 'checkout_start', 'logout', 'checkout_start', 'login', 'trial_extension', 'login', 'feature_click', 'login', 'payment_success', 'feature_click', 'feature_click', 'payment_success', 'trial_extension', 'payment_success', 'login', 'trial_extension', 'checkout_start', 'payment_success', 'checkout_start', 'payment_success', 'checkout_start', 'login', 'checkout_start', 'payment_success', 'trial_extension', 'checkout_start', 'feature_click', 'login', 'login', 'trial_extension', 'login', 'trial_extension', 'feature_click']",at_risk_rf,Free,France,Desktop,SaaS,at_risk_rf,-1.1271908721842134,0.31491228085734335,1.4694487931033664,-0.7055724496101842
330f2800-9930-4a2f-a38c-1906bbd1be63,330f2800-9930-4a2f-a38c-1906bbd1be63,"['logout', 'logout', 'login', 'payment_success', 'checkout_start', 'logout', 'payment_success', 'login', 'logout', 'login', 'logout', 'logout', 'trial_extension', 'logout', 'trial_extension', 'feature_click', 'feature_click', 'logout', 'feature_click', 'login', 'checkout_start', 'logout', 'login', 'logout', 'checkout_start', 'feature_click']",promising_rf,Pro,Turkey,Desktop,Education,promising_rf,-1.3646799765451327,-2.1313099221663614,-1.1410716789751911,0.49237287875155955
37315586-6747-4190-b80d-c267479e9383,37315586-6747-4190-b80d-c267479e9383,"['feature_click', 'login', 'feature_click', 'feature_click', 'payment_success', 'payment_success', 'trial_extension', 'login', 'feature_click', 'login', 'payment_success', 'login', 'payment_success', 'logout', 'feature_click', 'login', 'feature_click', 'logout', 'login', 'trial_extension', 'logout', 'trial_extension', 'login', 'checkout_start', 'checkout_start']",hibernating_rf,Free,Turkey,Mobile,SaaS,hibernating_rf,-0.6104546113548159,0.3552909437104619,-0.5012904735232049,-0.2815134011647805
3814ded4-9cbd-41a7-b5a2-e2000c8660ba,3814ded4-9cbd-41a7-b5a2-e2000c8660ba,"['feature_click', 'login', 'logout', 'checkout_start', 'trial_extension', 'trial_extension', 'login', 'login', 'logout', 'feature_click', 'checkout_start', 'login', 'login', 'logout', 'trial_extension', 'trial_extension', 'feature_click', 'feature_click', 'logout', 'trial_extension', 'payment_success', 'feature_click', 'payment_success', 'feature_click', 'logout']",hibernating_rf,Business,UK,Mobile,SaaS,hibernating_rf,-3.441568219799257,0.3886239175613696,1.717692690195435,-0.1341182558605807
39c1074a-af14-4aa5-8860-208682855fcd,39c1074a-af14-4aa5-8860-208682855fcd,"['logout', 'checkout_start', 'logout', 'login', 'login', 'checkout_start', 'logout', 'checkout_start', 'payment_success', 'checkout_start', 'login', 'checkout_start', 'trial_extension', 'feature_click', 'checkout_start', 'checkout_start', 'trial_extension', 'logout', 'payment_success', 'checkout_start', 'trial_extension', 'payment_success', 'feature_click', 'login', 'payment_success', 'login', 'login', 'logout', 'trial_extension', 'payment_success', 'trial_extension']",potential_loyalists_rf,Free,USA,Mobile,Healthcare,potential_loyalists_rf,-0.2941972136641806,0.59914606401888,0.6647894334405178,0.09748200290929103
4386cf87-24eb-4448-a2bb-265a39c9261a,4386cf87-24eb-4448-a2bb-265a39c9261a,"['logout', 'checkout_start', 'trial_extension', 'payment_success', 'feature_click', 'checkout_start', 'logout', 'feature_click', 'logout', 'payment_success', 'checkout_start', 'checkout_start', 'trial_extension', 'feature_click', 'feature_click', 'checkout_start', 'feature_click', 'feature_click', 'login', 'login', 'checkout_start', 'trial_extension', 'login', 'login', 'checkout_start', 'feature_click']",promising_rf,Free,Turkey,Mobile,E-Commerce,promising_rf,-0.48123187956017804,0.7488768943487013,-0.7750468957253382,0.8426346047130023
47bea422-c405-4600-922a-e576f4dc44c7,47bea422-c405-4600-922a-e576f4dc44c7,"['checkout_start', 'feature_click', 'trial_extension', 'feature_click', 'payment_success', 'trial_extension', 'trial_extension', 'payment_success', 'feature_click', 'checkout_start', 'feature_click', 'feature_click', 'feature_click', 'payment_success', 'logout', 'trial_extension', 'checkout_start', 'checkout_start', 'login', 'login', 'login', 'checkout_start', 'feature_click', 'payment_success', 'logout', 'trial_extension', 'checkout_start', 'login', 'payment_success', 'login']",at_risk_rf,Free,USA,Mobile,SaaS,at_risk_rf,0.8292133492963059,-1.5151317608354105,0.3949329503260942,1.4882174062100493
49e52a0a-916b-4a26-9184-e84e3da946ce,49e52a0a-916b-4a26-9184-e84e3da946ce,"['login', 'payment_success', 'login', 'logout', 'feature_click', 'payment_success', 'feature_click', 'feature_click', 'checkout_start', 'feature_click', 'logout', 'login', 'trial_extension', 'feature_click', 'payment_success', 'trial_extension', 'checkout_start', 'payment_success', 'trial_extension', 'payment_success', 'payment_success', 'login', 'feature_click', 'feature_click', 'trial_extension', 'trial_extension', 'logout']",loyal_customers_rf,Free,France,Mobile,SaaS,loyal_customers_rf,-0.2869060221423509,-0.08025398859843318,-0.9410740846264835,-1.4569856560475545
4ae0e3b1-b975-4aaa-8577-e24c0b776522,4ae0e3b1-b975-4aaa-8577-e24c0b776522,"['payment_success', 'payment_success', 'logout', 'logout', 'logout', 'trial_extension', 'logout', 'feature_click', 'trial_extension', 'payment_success', 'trial_extension', 'checkout_start', 'feature_click', 'checkout_start', 'payment_success', 'trial_extension', 'trial_extension', 'payment_success', 'login', 'payment_success', 'feature_click', 'feature_click', 'payment_success', 'login', 'feature_click', 'payment_success', 'login', 'checkout_start', 'trial_extension', 'login', 'payment_success', 'login', 'login', 'trial_extension', 'trial_extension']",champions_rf,Free,France,Mobile,Healthcare,champions_rf,1.6153438512231928,0.24565535745338055,-0.03174224979151767,-1.0842437125139575
4d07c71d-bf62-45e6-ae2e-c1e7ef17d22c,4d07c71d-bf62-45e6-ae2e-c1e7ef17d22c,"['logout', 'login', 'payment_success', 'feature_click', 'logout', 'trial_extension', 'payment_success', 'feature_click', 'logout', 'login', 'feature_click', 'checkout_start', 'feature_click', 'trial_extension', 'feature_click', 'checkout_start', 'feature_click', 'login', 'feature_click', 'trial_extension', 'trial_extension', 'payment_success', 'logout', 'trial_extension', 'logout', 'payment_success']",about_to_sleep_rf,Pro,UK,Desktop,SaaS,about_to_sleep_rf,0.13396016212818168,0.6036007773189433,-0.5881577123622972,0.2902649337551213
521cf522-51c0-4f32-9f3b-2f1dd3d80390,521cf522-51c0-4f32-9f3b-2f1dd3d80390,"['checkout_start', 'checkout_start', 'feature_click', 'checkout_start', 'trial_extension', 'feature_click', 'logout', 'feature_click', 'logout', 'logout', 'trial_extension', 'trial_extension', 'logout', 'logout', 'checkout_start', 'feature_click', 'payment_success', 'logout', 'logout', 'trial_extension', 'payment_success', 'payment_success', 'login']",promising_rf,Pro,France,Desktop,SaaS,promising_rf,-2.7377972930738625,0.27927175008466687,1.1867897527347202,-0.45521180921888826
52b55b5b-c36f-4502-be55-1a653487172c,52b55b5b-c36f-4502-be55-1a653487172c,"['checkout_start', 'payment_success', 'login', 'logout', 'feature_click', 'payment_success', 'feature_click', 'login', 'logout', 'feature_click', 'trial_extension', 'payment_success', 'login', 'checkout_start', 'checkout_start', 'checkout_start', 'payment_success', 'feature_click', 'payment_success', 'trial_extension', 'checkout_start', 'logout', 'payment_success', 'trial_extension']",at_risk_rf,Free,UK,Desktop,SaaS,at_risk_rf,1.2671813167959876,0.7276139847329947,-0.13136575118564217,0.33533572221963753
55ff421e-0ac4-4fe0-a4de-0dc899acf8f7,55ff421e-0ac4-4fe0-a4de-0dc899acf8f7,"['login', 'logout', 'feature_click', 'trial_extension', 'logout', 'payment_success', 'checkout_start', 'checkout_start', 'login', 'trial_extension', 'login', 'payment_success', 'trial_extension', 'trial_extension', 'checkout_start', 'feature_click', 'login', 'login', 'trial_extension', 'logout', 'login', 'trial_extension', 'feature_click', 'logout', 'checkout_start', 'feature_click', 'login', 'checkout_start', 'logout', 'feature_click', 'login']",promising_rf,Free,Germany,Mobile,E-Commerce,promising_rf,-2.261704879002068,-0.03801158814739877,-1.2279852125134734,-0.9240246490516939
5807d473-a426-46c3-93b1-47cbb682fed9,5807d473-a426-46c3-93b1-47cbb682fed9,"['feature_click', 'login', 'payment_success', 'trial_extension', 'feature_click', 'logout', 'checkout_start', 'payment_success', 'login', 'payment_success', 'trial_extension', 'logout', 'feature_click', 'feature_click', 'logout', 'checkout_start', 'feature_click', 'logout', 'checkout_start', 'logout', 'feature_click', 'trial_extension', 'logout', 'feature_click', 'trial_extension', 'payment_success', 'logout', 'trial_extension']",about_to_sleep_rf,Business,Turkey,Mobile,SaaS,about_to_sleep_rf,0.13396016212818168,0.6036007773189433,-0.5881577123622972,0.2902649337551213
5d58e17b-ca00-4266-aef4-f0050fb236b0,5d58e17b-ca00-4266-aef4-f0050fb236b0,"['feature_click', 'trial_extension', 'checkout_start', 'feature_click', 'trial_extension', 'feature_click', 'feature_click', 'trial_extension', 'trial_extension', 'trial_extension', 'feature_click', 'feature_click', 'feature_click', 'logout', 'logout', 'logout', 'logout', 'payment_success', 'checkout_start', 'trial_extension', 'trial_extension', 'trial_extension', 'login', 'logout', 'payment_success', 'checkout_start', 'payment_success', 'feature_click', 'feature_click', 'checkout_start', 'payment_success', 'logout', 'feature_click', 'payment_success', 'checkout_start']",at_risk_rf,Free,France,Mobile,Healthcare,at_risk_rf,-1.8309617989096083,0.4242644483340461,2.0003517305640806,-0.3844788962518766
6013855f-f99f-46b7-a5d6-25fa6d1536cb,6013855f-f99f-46b7-a5d6-25fa6d1536cb,"['checkout_start', 'logout', 'logout', 'trial_extension', 'login', 'payment_success', 'logout', 'login', 'checkout_start', 'payment_success', 'logout', 'logout', 'login', 'logout', 'login', 'feature_click', 'checkout_start', 'feature_click', 'payment_success', 'feature_click', 'trial_extension', 'login', 'login', 'login', 'checkout_start', 'login', 'feature_click']",new_customers_rf,Pro,France,Mobile,SaaS,new_customers_rf,-0.45661793434543746,0.7024631993779822,-0.2356397832279351,0.5985274248621811
60d82608-5860-4066-bff0-55d3e35793ee,60d82608-5860-4066-bff0-55d3e35793ee,"['trial_extension', 'feature_click', 'checkout_start', 'feature_click', 'logout', 'feature_click', 'trial_extension', 'login', 'feature_click', 'checkout_start', 'checkout_start', 'checkout_start', 'feature_click', 'login', 'feature_click', 'checkout_start', 'logout', 'logout', 'feature_click', 'feature_click', 'payment_success', 'login', 'checkout_start', 'login', 'checkout_start', 'login', 'trial_extension', 'trial_extension']",hibernating_rf,Free,Germany,Desktop,Education,hibernating_rf,-3.692567825517549,0.4560171033674165,1.5350555943507378,0.135651048492736
66ece46c-47f7-45e5-b601-0ca162a96a9f,66ece46c-47f7-45e5-b601-0ca162a96a9f,"['payment_success', 'checkout_start', 'feature_click', 'feature_click', 'logout', 'feature_click', 'trial_extension', 'checkout_start', 'login', 'feature_click', 'logout', 'login', 'trial_extension', 'trial_extension', 'trial_extension', 'login', 'checkout_start', 'trial_extension', 'login', 'feature_click', 'trial_extension', 'payment_success', 'checkout_start', 'feature_click']",hibernating_rf,Pro,France,Mobile,E-Commerce,hibernating_rf,-0.6596825017842971,0.4481183336519001,-1.5801046985180107,0.20670095853686188
6ad5e87b-3885-4209-9141-08fc2b6574d6,6ad5e87b-3885-4209-9141-08fc2b6574d6,"['trial_extension', 'feature_click', 'feature_click', 'feature_click', 'trial_extension', 'login', 'checkout_start', 'checkout_start', 'logout', 'trial_extension', 'logout', 'login', 'checkout_start', 'payment_success', 'payment_success', 'feature_click', 'feature_click', 'trial_extension', 'logout', 'payment_success', 'payment_success', 'feature_click', 'trial_extension', 'checkout_start', 'login']",about_to_sleep_rf,Pro,UK,Mobile,E-Commerce,about_to_sleep_rf,-1.4765799546468599,-1.8919095151580065,1.2779553737913467,0.6785853519798009
7183f84f-a077-4c8b-b838-fde35379afb7,7183f84f-a077-4c8b-b838-fde35379afb7,"['payment_success', 'login', 'login', 'logout', 'login', 'feature_click', 'trial_extension', 'login', 'login', 'checkout_start', 'checkout_start', 'logout', 'logout', 'feature_click', 'payment_success', 'checkout_start', 'feature_click', 'payment_success', 'payment_success', 'feature_click', 'logout', 'logout', 'trial_extension', 'payment_success', 'payment_success', 'trial_extension', 'payment_success', 'payment_success', 'trial_extension', 'login', 'logout', 'logout', 'payment_success', 'login']",champions_rf,Business,USA,Desktop,E-Commerce,champions_rf,1.6153438512231928,0.24565535745338055,-0.03174224979151767,-1.0842437125139575
722ea163-6e9a-4961-a1e8-68b152ff32ea,722ea163-6e9a-4961-a1e8-68b152ff32ea,"['feature_click', 'checkout_start', 'logout', 'payment_success', 'login', 'login', 'logout', 'payment_success', 'payment_success', 'trial_extension', 'trial_extension', 'logout', 'feature_click', 'logout', 'checkout_start', 'logout', 'login', 'feature_click', 'payment_success', 'payment_success', 'trial_extension', 'logout', 'payment_success', 'checkout_start']",loyal_customers_rf,Business,USA,Desktop,SaaS,loyal_customers_rf,0.5227665433129899,0.4793041511245132,-0.044498512346549945,-0.23644261270026432
7c2a5c2f-6648-44f0-91fb-a84a9524f517,7c2a5c2f-6648-44f0-91fb-a84a9524f517,"['checkout_start', 'logout', 'trial_extension', 'trial_extension', 'logout', 'logout', 'logout', 'payment_success', 'feature_click', 'login', 'trial_extension', 'feature_click', 'trial_extension', 'trial_extension', 'logout', 'feature_click', 'checkout_start', 'logout', 'checkout_start', 'payment_success', 'feature_click', 'payment_success', 'logout', 'checkout_start', 'logout', 'login', 'checkout_start', 'logout', 'trial_extension', 'trial_extension', 'checkout_start', 'payment_success']",hibernating_rf,Business,Turkey,Desktop,SaaS,hibernating_rf,-0.432003989130697,0.6560495044072631,0.3037673292694679,0.35442024501136005
7dc4e7af-fd86-4595-9469-09156e4c1144,7dc4e7af-fd86-4595-9469-09156e4c1144,"['logout', 'logout', 'login', 'payment_success', 'payment_success', 'feature_click', 'trial_extension', 'checkout_start', 'payment_success', 'checkout_start', 'checkout_start', 'checkout_start', 'logout', 'checkout_start', 'login', 'payment_success', 'logout', 'checkout_start', 'logout', 'payment_success', 'login']",potential_loyalists_rf,Free,France,Desktop,SaaS,potential_loyalists_rf,-0.2462621753847482,0.27740801248675095,-0.4970383860048607,-0.564113767769345
84b54c39-bfef-4ca8-88d7-96e66d278051,84b54c39-bfef-4ca8-88d7-96e66d278051,"['feature_click', 'trial_extension', 'trial_extension', 'feature_click', 'logout', 'logout', 'payment_success', 'logout', 'trial_extension', 'trial_extension', 'logout', 'feature_click', 'logout', 'checkout_start', 'checkout_start', 'feature_click', 'checkout_start', 'trial_extension', 'logout', 'trial_extension', 'trial_extension', 'checkout_start', 'payment_success', 'logout', 'payment_success', 'login', 'feature_click', 'checkout_start', 'login', 'checkout_start', 'logout', 'login']",hibernating_rf,Free,Turkey,Mobile,SaaS,hibernating_rf,-1.0878398775766593,0.4436636203518367,-0.32715755271519587,0.013918027691031502
871c7489-37e1-456f-a212-b34ed15e0383,871c7489-37e1-456f-a212-b34ed15e0383,"['login', 'trial_extension', 'trial_extension', 'login', 'feature_click', 'logout', 'feature_click', 'feature_click', 'logout', 'login', 'checkout_start', 'payment_success', 'logout', 'payment_success', 'checkout_start', 'logout', 'checkout_start', 'login', 'payment_success', 'login', 'login', 'trial_extension', 'payment_success', 'feature_click']",about_to_sleep_rf,Pro,UK,Mobile,Education,about_to_sleep_rf,-2.438862649076138,-0.10985948725350911,0.20759902913403858,-1.386576884250841
87eed6d8-591b-4806-9457-501bc90ef72f,87eed6d8-591b-4806-9457-501bc90ef72f,"['login', 'trial_extension', 'checkout_start', 'logout', 'payment_success', 'checkout_start', 'checkout_start', 'checkout_start', 'trial_extension', 'payment_success', 'login', 'logout', 'payment_success', 'login', 'checkout_start', 'login', 'feature_click', 'login', 'login', 'checkout_start', 'trial_extension', 'login', 'logout', 'trial_extension', 'login', 'feature_click', 'payment_success', 'logout', 'checkout_start']",potential_loyalists_rf,Free,Germany,Mobile,SaaS,potential_loyalists_rf,-0.45784448238087844,-1.986317223916982,-0.32750970114583033,0.5631057917185713
892bd7d9-620d-482b-b25f-5652aa9d65ab,892bd7d9-620d-482b-b25f-5652aa9d65ab,"['feature_click', 'logout', 'checkout_start', 'checkout_start', 'login', 'logout', 'checkout_start', 'logout', 'feature_click', 'feature_click', 'checkout_start', 'logout', 'checkout_start', 'feature_click', 'payment_success', 'login', 'trial_extension', 'logout', 'feature_click', 'payment_success', 'feature_click', 'checkout_start', 'feature_click', 'payment_success', 'feature_click', 'feature_click', 'login', 'checkout_start', 'trial_extension', 'payment_success', 'feature_click']",hibernating_rf,Pro,Germany,Desktop,Healthcare,hibernating_rf,-1.224353800893127,0.7294777223309106,1.552462387553939,0.4442376807700941
896a54c4-63ec-4091-8215-dc1529bc4e9a,896a54c4-63ec-4091-8215-dc1529bc4e9a,"['checkout_start', 'payment_success', 'feature_click', 'logout', 'login', 'feature_click', 'feature_click', 'trial_extension', 'login', 'feature_click', 'feature_click', 'payment_success', 'feature_click', 'checkout_start', 'payment_success', 'feature_click', 'trial_extension', 'payment_success', 'payment_success', 'trial_extension', 'feature_click', 'trial_extension', 'payment_success', 'payment_success', 'checkout_start', 'login', 'payment_success', 'login', 'payment_success', 'trial_extension', 'payment_success']",champions_rf,Pro,USA,Mobile,SaaS,champions_rf,2.2711797396691558,0.45804124150880665,0.599182632193146,-0.7437414951936292
8c9bc24a-93b4-4c15-969e-8c0fcf081067,8c9bc24a-93b4-4c15-969e-8c0fcf081067,"['checkout_start', 'trial_extension', 'checkout_start', 'logout', 'trial_extension', 'trial_extension', 'trial_extension', 'logout', 'payment_success', 'feature_click', 'login', 'login', 'payment_success', 'login', 'logout', 'login', 'logout', 'trial_extension', 'feature_click', 'feature_click', 'logout', 'login', 'logout', 'checkout_start', 'logout', 'feature_click', 'trial_extension', 'login', 'checkout_start']",hibernating_rf,Business,UK,Desktop,Healthcare,hibernating_rf,-1.5652251437985027,0.5320362969932115,-0.15302463190718701,0.30934945654684376
8f67212d-4849-4d0c-a322-7ff3f36f0d8e,8f67212d-4849-4d0c-a322-7ff3f36f0d8e,"['login', 'logout', 'trial_extension', 'checkout_start', 'logout', 'login', 'checkout_start', 'login', 'checkout_start', 'trial_extension', 'trial_extension', 'checkout_start', 'login', 'payment_success', 'payment_success', 'trial_extension', 'trial_extension', 'login', 'trial_extension', 'payment_success', 'checkout_start', 'trial_extension', 'payment_success', 'feature_click', 'checkout_start', 'checkout_start']",potential_loyalists_rf,Pro,Germany,Desktop,Healthcare,potential_loyalists_rf,-0.5931318576619053,0.9882773013570559,1.6439801570411998,1.0288470779412435
916f3458-fe95-4056-9a62-ff586522c10e,916f3458-fe95-4056-9a62-ff586522c10e,"['payment_success', 'logout', 'logout', 'login', 'payment_success', 'login', 'login', 'payment_success', 'checkout_start', 'logout', 'checkout_start', 'feature_click', 'feature_click', 'trial_extension', 'trial_extension', 'logout', 'payment_success', 'feature_click', 'payment_success', 'payment_success', 'payment_success', 'feature_click', 'checkout_start', 'logout', 'checkout_start', 'logout', 'checkout_start', 'login', 'logout', 'payment_success', 'feature_click', 'login', 'login']",loyal_customers_rf,Free,France,Mobile,SaaS,loyal_customers_rf,1.3643442455049009,0.31304854325942744,-0.21437934563621464,-0.8144744081606409
928097e3-8a32-481e-8b47-29e5b56ab285,928097e3-8a32-481e-8b47-29e5b56ab285,"['checkout_start', 'logout', 'trial_extension', 'checkout_start', 'login', 'login', 'payment_success', 'login', 'feature_click', 'checkout_start', 'trial_extension', 'checkout_start', 'checkout_start', 'feature_click', 'logout', 'trial_extension', 'feature_click', 'logout', 'feature_click', 'feature_click', 'logout', 'logout', 'trial_extension', 'payment_success', 'trial_extension', 'payment_success', 'feature_click', 'trial_extension', 'feature_click', 'feature_click', 'trial_extension']",new_customers_rf,Business,UK,Mobile,E-Commerce,new_customers_rf,-1.0878398775766593,0.4436636203518367,-0.32715755271519587,0.013918027691031502
9555e2c4-6bab-44d0-aa72-a64cf3570002,9555e2c4-6bab-44d0-aa72-a64cf3570002,"['checkout_start', 'login', 'payment_success', 'login', 'feature_click', 'trial_extension', 'checkout_start', 'feature_click', 'login', 'trial_extension', 'login', 'payment_success', 'trial_extension', 'login', 'payment_success', 'trial_extension', 'trial_extension', 'logout', 'checkout_start', 'payment_success', 'checkout_start', 'trial_extension', 'logout', 'checkout_start', 'logout', 'login', 'trial_extension', 'logout', 'login', 'trial_extension', 'logout', 'feature_click', 'login']",potential_loyalists_rf,Business,USA,Desktop,Healthcare,potential_loyalists_rf,-0.38406895085126447,0.334311452875134,-0.8580604901759109,-0.30717552566727596
95d2ff24-108d-4d0d-af65-6195ab0dc827,95d2ff24-108d-4d0d-af65-6195ab0dc827,"['logout', 'checkout_start', 'trial_extension', 'checkout_start', 'checkout_start', 'logout', 'logout', 'login', 'payment_success', 'feature_click', 'payment_success', 'trial_extension', 'login', 'checkout_start', 'feature_click', 'login', 'trial_extension', 'feature_click', 'feature_click', 'logout', 'trial_extension', 'login', 'logout', 'feature_click', 'login', 'login', 'payment_success', 'login', 'trial_extension', 'checkout_start', 'checkout_start', 'payment_success', 'logout', 'login']",potential_loyalists_rf,Free,UK,Mobile,SaaS,potential_loyalists_rf,-1.5812550453413647,0.12796060093730835,-0.057653218031406606,-0.8276296115821868
9727faf9-d887-4f43-9b64-46cf8ba70a39,9727faf9-d887-4f43-9b64-46cf8ba70a39,"['feature_click', 'feature_click', 'checkout_start', 'trial_extension', 'checkout_start', 'payment_success', 'logout', 'login', 'payment_success', 'logout', 'logout', 'checkout_start', 'trial_extension', 'login', 'payment_success', 'feature_click', 'logout', 'logout', 'checkout_start', 'checkout_start', 'trial_extension', 'feature_click', 'trial_extension', 'trial_extension', 'checkout_start', 'feature_click', 'payment_success']",potential_loyalists_rf,Free,USA,Mobile,E-Commerce,potential_loyalists_rf,-0.7236474416065917,0.3657806891281258,-0.3229054651968518,-0.26868233891353277
973acce4-d23c-4c23-9a1a-57c1e3b07416,973acce4-d23c-4c23-9a1a-57c1e3b07416,"['trial_extension', 'checkout_start', 'payment_success', 'checkout_start', 'logout', 'feature_click', 'login', 'logout', 'feature_click', 'login', 'feature_click', 'login', 'checkout_start', 'feature_click', 'payment_success', 'payment_success', 'feature_click', 'logout', 'feature_click', 'login', 'feature_click', 'trial_extension', 'checkout_start', 'login']",about_to_sleep_rf,Business,Germany,Desktop,Healthcare,about_to_sleep_rf,-0.6350685565695565,0.401704638681181,-1.0406975860206078,-0.03740622131395938
9cc0d41c-f9ac-4e02-80f4-e9f120c9a9b7,9cc0d41c-f9ac-4e02-80f4-e9f120c9a9b7,"['login', 'trial_extension', 'logout', 'login', 'feature_click', 'logout', 'checkout_start', 'login', 'checkout_start', 'trial_extension', 'logout', 'trial_extension', 'trial_extension', 'trial_extension', 'checkout_start', 'login', 'logout', 'trial_extension', 'trial_extension', 'trial_extension', 'trial_extension']",about_to_sleep_rf,Free,UK,Desktop,Healthcare,about_to_sleep_rf,-4.461596544215287,0.2541209647296542,1.0825157206924272,-0.19202010657634455
a0357572-d01b-45cd-bf0a-434334671108,a0357572-d01b-45cd-bf0a-434334671108,"['checkout_start', 'login', 'logout', 'logout', 'login', 'payment_success', 'payment_success', 'feature_click', 'login', 'payment_success', 'checkout_start', 'checkout_start', 'checkout_start', 'feature_click', 'feature_click', 'trial_extension', 'feature_click', 'trial_extension', 'checkout_start', 'login', 'feature_click', 'payment_success', 'login', 'logout', 'checkout_start', 'checkout_start', 'trial_extension', 'payment_success', 'checkout_start']",potential_loyalists_rf,Business,Turkey,Mobile,E-Commerce,potential_loyalists_rf,0.19799140606508403,-1.7739313398615557,0.30341518083883345,0.9036080090388997
a92f5e02-66b3-4f23-9b88-d8aa97a97c30,a92f5e02-66b3-4f23-9b88-d8aa97a97c30,"['payment_success', 'feature_click', 'payment_success', 'checkout_start', 'checkout_start', 'checkout_start', 'checkout_start', 'feature_click', 'logout', 'checkout_start', 'checkout_start', 'logout', 'feature_click', 'logout', 'payment_success', 'logout', 'payment_success', 'payment_success', 'checkout_start', 'trial_extension', 'trial_extension', 'payment_success', 'logout', 'feature_click']",loyal_customers_rf,Free,USA,Desktop,SaaS,loyal_customers_rf,1.3803741470477633,0.7171242393153308,-0.30975075951199516,0.3225046599683898
aa06a8cc-de35-42aa-abe6-ba26b7cae495,aa06a8cc-de35-42aa-abe6-ba26b7cae495,"['checkout_start', 'feature_click', 'payment_success', 'feature_click', 'payment_success', 'trial_extension', 'login', 'payment_success', 'trial_extension', 'trial_extension', 'logout', 'login', 'logout', 'checkout_start', 'login', 'payment_success', 'payment_success', 'payment_success', 'logout', 'payment_success', 'payment_success', 'checkout_start', 'payment_success', 'feature_click', 'trial_extension', 'logout', 'feature_click', 'logout']",loyal_customers_rf,Pro,UK,Mobile,Education,loyal_customers_rf,1.3889581907196416,0.26663484828870837,0.3250277668611882,-1.058581588011462
b3ceff26-2650-4715-a79a-60a0a65050ac,b3ceff26-2650-4715-a79a-60a0a65050ac,"['logout', 'feature_click', 'feature_click', 'checkout_start', 'logout', 'payment_success', 'trial_extension', 'payment_success', 'feature_click', 'checkout_start', 'trial_extension', 'trial_extension', 'checkout_start', 'trial_extension', 'payment_success', 'logout', 'trial_extension', 'trial_extension', 'logout', 'login', 'checkout_start', 'checkout_start', 'login', 'trial_extension', 'trial_extension', 'payment_success', 'payment_success']",at_risk_rf,Business,USA,Mobile,Education,at_risk_rf,0.19799140606508403,-1.7739313398615557,0.30341518083883345,0.9036080090388997
b3ddb988-82e1-42f1-8eaa-7c4f4e71264e,b3ddb988-82e1-42f1-8eaa-7c4f4e71264e,"['feature_click', 'feature_click', 'login', 'trial_extension', 'checkout_start', 'checkout_start', 'payment_success', 'login', 'payment_success', 'payment_success', 'logout', 'logout', 'checkout_start', 'payment_success', 'logout', 'logout', 'checkout_start', 'payment_success', 'login', 'payment_success', 'checkout_start', 'login', 'feature_click', 'logout', 'login', 'logout', 'checkout_start', 'trial_extension']",champions_rf,Free,UK,Desktop,Education,champions_rf,-0.33484106042178335,0.24148406293369581,0.22075373481889526,-0.7953898853689184
b70b565f-8283-4135-928a-8efee2006d33,b70b565f-8283-4135-928a-8efee2006d33,"['checkout_start', 'logout', 'checkout_start', 'payment_success', 'payment_success', 'logout', 'logout', 'trial_extension', 'trial_extension', 'feature_click', 'login', 'feature_click', 'trial_extension', 'payment_success', 'logout', 'logout', 'payment_success', 'payment_success', 'payment_success', 'payment_success', 'payment_success', 'checkout_start', 'login', 'payment_success']",champions_rf,Pro,France,Desktop,SaaS,champions_rf,0.9103463764623573,-2.333772898364881,0.4072907697513019,-0.7985717922992596
bd8c2820-74f9-44d2-8dd7-8dcc31c0dcdf,bd8c2820-74f9-44d2-8dd7-8dcc31c0dcdf,"['checkout_start', 'login', 'login', 'feature_click', 'logout', 'checkout_start', 'login', 'payment_success', 'login', 'feature_click', 'logout', 'payment_success', 'login', 'trial_extension', 'feature_click', 'logout', 'feature_click', 'payment_success', 'feature_click', 'trial_extension', 'trial_extension', 'login', 'login', 'login']",new_customers_rf,Free,Germany,Desktop,SaaS,new_customers_rf,-1.7190618208078812,0.18486404132569137,-0.41867532220245657,-0.570691369480118
bef6f656-26c6-4143-b8e8-791988f849ac,bef6f656-26c6-4143-b8e8-791988f849ac,"['checkout_start', 'login', 'trial_extension', 'payment_success', 'feature_click', 'trial_extension', 'logout', 'checkout_start', 'login', 'login', 'payment_success', 'logout', 'trial_extension', 'logout', 'trial_extension', 'trial_extension', 'checkout_start', 'feature_click', 'logout', 'payment_success', 'trial_extension', 'logout', 'feature_click', 'trial_extension']",hibernating_rf,Business,UK,Desktop,Healthcare,hibernating_rf,-0.5956512578473947,-1.929413783528599,-0.6885318053168804,0.8200440338206401
c36be2fb-ebe2-422b-8987-62935c041016,c36be2fb-ebe2-422b-8987-62935c041016,"['logout', 'payment_success', 'checkout_start', 'feature_click', 'login', 'logout', 'login', 'checkout_start', 'trial_extension', 'logout', 'login', 'feature_click', 'payment_success', 'trial_extension', 'trial_extension', 'payment_success', 'logout', 'login', 'feature_click', 'checkout_start', 'trial_extension', 'login', 'trial_extension', 'trial_extension', 'logout', 'feature_click', 'login', 'trial_extension', 'checkout_start', 'login', 'login']",hibernating_rf,Pro,France,Desktop,E-Commerce,hibernating_rf,-0.0038466133383345254,0.6605042177073264,-0.9491798165333472,0.5472031758571902
c376f5f0-1be0-4e76-b753-f842c57f959a,c376f5f0-1be0-4e76-b753-f842c57f959a,"['trial_extension', 'feature_click', 'checkout_start', 'checkout_start', 'feature_click', 'logout', 'logout', 'checkout_start', 'checkout_start', 'login', 'payment_success', 'logout', 'logout', 'trial_extension', 'logout', 'payment_success', 'logout', 'logout', 'payment_success', 'checkout_start', 'payment_success', 'logout', 'checkout_start', 'login', 'login', 'login', 'login', 'logout']",potential_loyalists_rf,Pro,France,Mobile,Healthcare,potential_loyalists_rf,-1.1370014638915327,-1.9233787514109983,0.7428003488122875,0.6400921652260578
c4cf2b14-88db-4fee-9e87-6d0d25dae510,c4cf2b14-88db-4fee-9e87-6d0d25dae510,"['payment_success', 'payment_success', 'logout', 'logout', 'checkout_start', 'payment_success', 'logout', 'logout', 'login', 'checkout_start', 'payment_success', 'logout', 'checkout_start', 'login', 'checkout_start', 'payment_success', 'login', 'logout', 'trial_extension', 'payment_success', 'trial_extension', 'checkout_start', 'checkout_start', 'payment_success', 'trial_extension']",cant_loose_rf,Business,Turkey,Mobile,SaaS,cant_loose_rf,2.1494028657455013,0.919020377953093,0.14278911414631568,0.6501758150374702
c5ddc6b4-aa4a-45dd-8655-011b64949ee4,c5ddc6b4-aa4a-45dd-8655-011b64949ee4,"['logout', 'logout', 'payment_success', 'login', 'login', 'trial_extension', 'checkout_start', 'logout', 'logout', 'feature_click', 'trial_extension', 'checkout_start', 'logout', 'login', 'login', 'feature_click', 'checkout_start', 'feature_click', 'feature_click', 'checkout_start', 'checkout_start', 'feature_click', 'payment_success']",promising_rf,Business,UK,Mobile,Education,promising_rf,-0.3680390493084023,0.7383871489310373,-0.9534319040516912,0.8298035424617547
c9ba2a9b-504e-487a-a019-fa0665fe722d,c9ba2a9b-504e-487a-a019-fa0665fe722d,"['payment_success', 'login', 'checkout_start', 'trial_extension', 'feature_click', 'logout', 'payment_success', 'logout', 'logout', 'checkout_start', 'login', 'trial_extension', 'logout', 'logout', 'login', 'feature_click', 'feature_click', 'feature_click', 'payment_success', 'payment_success', 'login', 'trial_extension', 'checkout_start', 'login', 'login', 'login', 'trial_extension']",at_risk_rf,Pro,France,Mobile,E-Commerce,at_risk_rf,0.36034582263173304,0.5826212864836154,-0.9449277290150031,0.2646028092526258
cbe8d2d0-206b-4b3b-a6a2-6790cc823d31,cbe8d2d0-206b-4b3b-a6a2-6790cc823d31,"['trial_extension', 'feature_click', 'payment_success', 'feature_click', 'payment_success', 'trial_extension', 'checkout_start', 'logout', 'feature_click', 'feature_click', 'login', 'trial_extension', 'logout', 'logout', 'feature_click', 'logout', 'login', 'checkout_start', 'feature_click', 'feature_click', 'payment_success', 'trial_extension', 'trial_extension', 'logout', 'login', 'login']",hibernating_rf,Free,Germany,Mobile,E-Commerce,hibernating_rf,-1.5185166535545112,-2.4784821778338815,-1.4067223692704607,-0.38766794727540194
cd204564-9328-44a8-a08d-62c14c4ad619,cd204564-9328-44a8-a08d-62c14c4ad619,"['login', 'payment_success', 'login', 'feature_click', 'trial_extension', 'login', 'login', 'feature_click', 'logout', 'login', 'logout', 'checkout_start', 'trial_extension', 'logout', 'logout', 'logout', 'trial_extension', 'checkout_start', 'checkout_start', 'feature_click', 'feature_click', 'trial_extension', 'payment_success', 'trial_extension', 'payment_success', 'login', 'trial_extension', 'checkout_start', 'payment_success', 'logout', 'trial_extension', 'feature_click', 'login']",potential_loyalists_rf,Business,Germany,Desktop,Education,potential_loyalists_rf,-0.27087612059948873,0.3238217074574701,-1.036445498502264,-0.3200065879185237
cd3ee9af-0712-4f60-a695-78d822fdb92c,cd3ee9af-0712-4f60-a695-78d822fdb92c,"['logout', 'feature_click', 'payment_success', 'logout', 'feature_click', 'login', 'trial_extension', 'login', 'feature_click', 'feature_click', 'logout', 'trial_extension', 'checkout_start', 'login', 'checkout_start', 'feature_click', 'trial_extension', 'feature_click', 'login', 'feature_click', 'logout', 'login', 'payment_success', 'logout', 'feature_click', 'trial_extension', 'login', 'checkout_start', 'logout', 'payment_success', 'trial_extension', 'payment_success', 'trial_extension', 'trial_extension']",at_risk_rf,Business,France,Desktop,E-Commerce,at_risk_rf,0.13396016212818168,0.6036007773189433,-0.5881577123622972,0.2902649337551213
cfba8cc5-8530-464e-8d6c-8a6dbd8b4252,cfba8cc5-8530-464e-8d6c-8a6dbd8b4252,"['trial_extension', 'feature_click', 'trial_extension', 'logout', 'payment_success', 'checkout_start', 'feature_click', 'logout', 'login', 'logout', 'feature_click', 'logout', 'trial_extension', 'payment_success', 'logout', 'trial_extension', 'logout', 'trial_extension', 'payment_success', 'logout', 'logout', 'logout', 'logout', 'feature_click', 'checkout_start', 'trial_extension', 'feature_click', 'feature_click', 'login', 'login', 'feature_click', 'trial_extension', 'checkout_start', 'login']",hibernating_rf,Free,Turkey,Mobile,E-Commerce,hibernating_rf,-0.861454217073108,0.4226841295165088,-0.6839275693679019,-0.011744096811463996
d0c682c7-8546-4f55-acf7-8f26985fc421,d0c682c7-8546-4f55-acf7-8f26985fc421,"['checkout_start', 'payment_success', 'login', 'feature_click', 'feature_click', 'payment_success', 'trial_extension', 'payment_success', 'trial_extension', 'feature_click', 'payment_success', 'trial_extension', 'logout', 'login', 'payment_success', 'feature_click', 'payment_success', 'logout', 'trial_extension', 'trial_extension', 'trial_extension']",loyal_customers_rf,Pro,Germany,Desktop,Healthcare,loyal_customers_rf,0.7491522038165414,0.45832466028918534,-0.4012685289992559,-0.2621047372027598
d230fab5-250a-4ea1-a532-6bdfdf11833c,d230fab5-250a-4ea1-a532-6bdfdf11833c,"['login', 'trial_extension', 'feature_click', 'checkout_start', 'payment_success', 'checkout_start', 'logout', 'checkout_start', 'login', 'trial_extension', 'login', 'login', 'trial_extension', 'trial_extension', 'feature_click', 'payment_success', 'payment_success', 'checkout_start', 'trial_extension', 'login', 'trial_extension', 'feature_click', 'logout', 'logout', 'login', 'feature_click', 'logout', 'feature_click', 'trial_extension', 'payment_success', 'logout', 'logout']",at_risk_rf,Business,UK,Mobile,Education,at_risk_rf,-0.6104546113548159,0.3552909437104619,-0.5012904735232049,-0.2815134011647805
d50652d2-f851-4ad5-88ad-1f88c127e430,d50652d2-f851-4ad5-88ad-1f88c127e430,"['payment_success', 'checkout_start', 'logout', 'trial_extension', 'feature_click', 'payment_success', 'logout', 'payment_success', 'logout', 'payment_success', 'feature_click', 'trial_extension', 'logout', 'payment_success', 'trial_extension', 'trial_extension', 'checkout_start', 'trial_extension']",potential_loyalists_rf,Business,USA,Desktop,E-Commerce,potential_loyalists_rf,0.24592644434451635,-2.0956693913936846,-0.8584126386065452,0.24201223836026364
d68c2b87-638a-49bf-96d4-a528e3cc6ceb,d68c2b87-638a-49bf-96d4-a528e3cc6ceb,"['trial_extension', 'logout', 'feature_click', 'logout', 'feature_click', 'payment_success', 'payment_success', 'checkout_start', 'checkout_start', 'feature_click', 'feature_click', 'checkout_start', 'login', 'feature_click', 'logout', 'login', 'trial_extension', 'logout', 'login', 'login', 'payment_success', 'checkout_start', 'trial_extension', 'logout', 'logout', 'payment_success', 'logout', 'login']",need_attention_rf,Business,USA,Desktop,E-Commerce,need_attention_rf,-0.7236474416065917,0.3657806891281258,-0.3229054651968518,-0.26868233891353277
e01a0fe4-dd44-4797-8b35-701c4bf37740,e01a0fe4-dd44-4797-8b35-701c4bf37740,"['checkout_start', 'payment_success', 'login', 'payment_success', 'trial_extension', 'login', 'feature_click', 'feature_click', 'trial_extension', 'checkout_start', 'logout', 'payment_success', 'feature_click', 'trial_extension', 'logout', 'login', 'trial_extension', 'logout', 'checkout_start', 'feature_click', 'checkout_start', 'trial_extension', 'feature_click', 'trial_extension', 'feature_click']",about_to_sleep_rf,Pro,USA,Desktop,Education,about_to_sleep_rf,-0.5218757263177808,0.391214893263517,-1.2190825943469608,-0.05023728356520713
e14eb847-a7cc-4072-976a-8a96fbbb25b2,e14eb847-a7cc-4072-976a-8a96fbbb25b2,"['trial_extension', 'checkout_start', 'payment_success', 'payment_success', 'trial_extension', 'checkout_start', 'login', 'payment_success', 'login', 'feature_click', 'logout', 'trial_extension', 'payment_success', 'payment_success', 'trial_extension', 'feature_click', 'payment_success', 'checkout_start', 'payment_success', 'checkout_start', 'feature_click', 'feature_click', 'checkout_start', 'trial_extension', 'payment_success']",cant_loose_rf,Pro,Germany,Mobile,Healthcare,cant_loose_rf,1.655987697980796,0.6033173585385646,0.412293448830105,-0.19137182423574808
e2fce059-39da-4ff9-9ccf-193707265043,e2fce059-39da-4ff9-9ccf-193707265043,"['payment_success', 'logout', 'checkout_start', 'payment_success', 'trial_extension', 'login', 'login', 'login', 'payment_success', 'checkout_start', 'feature_click', 'payment_success', 'logout', 'feature_click', 'trial_extension', 'logout', 'login', 'trial_extension', 'trial_extension', 'logout', 'payment_success', 'login', 'logout', 'logout', 'checkout_start', 'trial_extension', 'payment_success']",at_risk_rf,Free,UK,Desktop,Healthcare,at_risk_rf,0.862345034068317,0.44783491487152144,-0.579653537325609,-0.27493579945400753
e310a622-2556-4be8-a427-bbf9c731f63b,e310a622-2556-4be8-a427-bbf9c731f63b,"['feature_click', 'checkout_start', 'checkout_start', 'feature_click', 'payment_success', 'logout', 'feature_click', 'payment_success', 'checkout_start', 'payment_success', 'logout', 'logout', 'checkout_start', 'feature_click', 'feature_click', 'logout', 'payment_success', 'logout', 'login', 'payment_success', 'checkout_start', 'payment_success', 'feature_click', 'logout', 'payment_success', 'payment_success', 'checkout_start', 'checkout_start']",cant_loose_rf,Pro,UK,Mobile,Healthcare,cant_loose_rf,1.9476311504566903,0.8935861738177017,1.0389662432964246,0.43173075968914454
e5657620-d980-4a07-8561-f9b32981ac2e,e5657620-d980-4a07-8561-f9b32981ac2e,"['checkout_start', 'payment_success', 'checkout_start', 'login', 'trial_extension', 'login', 'login', 'feature_click', 'feature_click', 'checkout_start', 'feature_click', 'checkout_start', 'login', 'checkout_start', 'logout', 'trial_extension', 'logout', 'payment_success', 'checkout_start', 'trial_extension', 'checkout_start']",about_to_sleep_rf,Pro,Germany,Desktop,Education,about_to_sleep_rf,-0.2548462190566265,0.7278974035133734,-1.1318169123780442,0.816972480210507
e7520282-69ad-460c-9ffb-c7b5ed00ea03,e7520282-69ad-460c-9ffb-c7b5ed00ea03,"['feature_click', 'trial_extension', 'payment_success', 'payment_success', 'logout', 'feature_click', 'payment_success', 'feature_click', 'payment_success', 'payment_success', 'login', 'logout', 'logout', 'logout', 'feature_click', 'feature_click', 'payment_success', 'logout', 'checkout_start', 'login', 'payment_success', 'login', 'checkout_start', 'payment_success', 'checkout_start', 'login', 'payment_success', 'login', 'logout', 'feature_click', 'feature_click', 'logout', 'feature_click', 'login']",loyal_customers_rf,Pro,UK,Desktop,Education,loyal_customers_rf,1.3889581907196416,0.26663484828870837,0.3250277668611882,-1.058581588011462
ea297f2b-98b9-4752-b484-39f63969d654,ea297f2b-98b9-4752-b484-39f63969d654,"['logout', 'login', 'checkout_start', 'trial_extension', 'login', 'login', 'feature_click', 'trial_extension', 'payment_success', 'checkout_start', 'feature_click', 'login', 'payment_success', 'payment_success', 'payment_success', 'logout', 'trial_extension', 'login', 'payment_success', 'feature_click', 'checkout_start', 'login', 'payment_success', 'trial_extension', 'checkout_start', 'checkout_start', 'checkout_start']",at_risk_rf,Free,UK,Mobile,Education,at_risk_rf,-0.4086165919513973,-2.0791446138584204,0.7513045238489756,0.07489143201692892
ef5ec769-89d6-4f73-9ab6-0f127e934910,ef5ec769-89d6-4f73-9ab6-0f127e934910,"['checkout_start', 'checkout_start', 'logout', 'login', 'logout', 'feature_click', 'payment_success', 'feature_click', 'payment_success', 'payment_success', 'checkout_start', 'logout', 'trial_extension', 'logout', 'payment_success', 'payment_success', 'trial_extension', 'payment_success', 'checkout_start']",loyal_customers_rf,Free,Turkey,Desktop,Healthcare,loyal_customers_rf,0.3357981815316003,-1.8308347802499387,0.6644372850098834,0.6466697669368308
f17922be-3245-4dba-a513-813d4877108a,f17922be-3245-4dba-a513-813d4877108a,"['trial_extension', 'logout', 'payment_success', 'logout', 'feature_click', 'payment_success', 'feature_click', 'trial_extension', 'feature_click', 'feature_click', 'logout', 'payment_success', 'checkout_start', 'payment_success', 'logout', 'logout', 'payment_success', 'feature_click', 'payment_success', 'logout', 'checkout_start', 'checkout_start', 'checkout_start', 'logout', 'checkout_start', 'checkout_start', 'checkout_start', 'logout', 'logout', 'checkout_start', 'checkout_start']",loyal_customers_rf,Pro,France,Mobile,E-Commerce,loyal_customers_rf,0.7885695025387032,-1.8727937619205945,-0.049102748295528464,0.5953455179318399
f32df4b9-b298-43e9-9c91-ce79f5d05b86,f32df4b9-b298-43e9-9c91-ce79f5d05b86,"['logout', 'feature_click', 'login', 'payment_success', 'trial_extension', 'payment_success', 'login', 'payment_success', 'login', 'checkout_start', 'payment_success', 'feature_click', 'login', 'checkout_start', 'payment_success', 'feature_click', 'payment_success', 'logout', 'trial_extension', 'login', 'feature_click', 'login', 'checkout_start', 'logout', 'feature_click', 'checkout_start', 'feature_click', 'logout']",at_risk_rf,Business,UK,Desktop,SaaS,at_risk_rf,-0.3606815536719648,-2.400882665390549,-0.41052329559640294,-0.586704338661707
f8da8244-dffa-443b-82eb-8773bee81964,f8da8244-dffa-443b-82eb-8773bee81964,"['login', 'logout', 'checkout_start', 'payment_success', 'login', 'payment_success', 'checkout_start', 'trial_extension', 'login', 'login', 'checkout_start', 'login', 'feature_click', 'feature_click', 'login', 'logout', 'login', 'payment_success', 'logout', 'checkout_start', 'checkout_start', 'logout', 'payment_success', 'trial_extension', 'payment_success', 'logout', 'trial_extension', 'payment_success', 'logout', 'checkout_start', 'feature_click', 'trial_extension', 'feature_click']",at_risk_rf,Business,France,Mobile,Healthcare,at_risk_rf,1.040795656292436,0.7485934755683226,0.22540426546706382,0.36099784672213303
f95a949d-ecf6-4a65-814a-b500e2d48158,f95a949d-ecf6-4a65-814a-b500e2d48158,"['checkout_start', 'checkout_start', 'trial_extension', 'feature_click', 'payment_success', 'login', 'logout', 'feature_click', 'checkout_start', 'checkout_start', 'logout', 'payment_success', 'feature_click', 'login', 'feature_click', 'login', 'payment_success', 'trial_extension', 'logout', 'payment_success', 'trial_extension', 'login', 'logout', 'login', 'payment_success', 'payment_success', 'logout', 'login']",champions_rf,Business,UK,Desktop,Healthcare,champions_rf,0.9276028260406602,0.7590832209859865,0.4037892737934168,0.3738289089733808
f996149b-6e0d-4ff9-b2e9-717a8d2d3bfd,f996149b-6e0d-4ff9-b2e9-717a8d2d3bfd,"['login', 'logout', 'payment_success', 'trial_extension', 'checkout_start', 'checkout_start', 'trial_extension', 'checkout_start', 'feature_click', 'trial_extension', 'login', 'feature_click', 'logout', 'logout', 'feature_click', 'payment_success', 'trial_extension', 'trial_extension', 'logout', 'trial_extension', 'feature_click', 'checkout_start', 'logout', 'logout', 'feature_click', 'logout', 'feature_click', 'trial_extension', 'payment_success', 'logout', 'trial_extension', 'feature_click', 'checkout_start']",potential_loyalists_rf,Pro,USA,Mobile,SaaS,potential_loyalists_rf,-0.11703944359011027,0.6709939631249904,-0.7707948082069942,0.560034238108438
fa2b4edf-3efe-4f16-90fc-1d76bc7a9a34,fa2b4edf-3efe-4f16-90fc-1d76bc7a9a34,"['trial_extension', 'login', 'login', 'feature_click', 'logout', 'feature_click', 'feature_click', 'payment_success', 'payment_success', 'checkout_start', 'payment_success', 'trial_extension', 'checkout_start', 'logout', 'payment_success', 'checkout_start', 'trial_extension', 'login', 'checkout_start', 'payment_success', 'login', 'logout', 'payment_success', 'trial_extension', 'checkout_start', 'feature_click', 'checkout_start', 'trial_extension', 'checkout_start']",loyal_customers_rf,Free,Turkey,Desktop,E-Commerce,loyal_customers_rf,0.5880243352853332,0.7905524572389783,0.9389442987724756,0.41232209572712397
fb00556e-d46d-4353-9bba-33f787638230,fb00556e-d46d-4353-9bba-33f787638230,"['login', 'feature_click', 'payment_success', 'checkout_start', 'checkout_start', 'logout', 'logout', 'login', 'login', 'payment_success', 'checkout_start', 'feature_click', 'login', 'trial_extension', 'payment_success', 'logout', 'feature_click', 'trial_extension', 'logout', 'payment_success', 'payment_success', 'feature_click', 'payment_success', 'logout', 'login', 'feature_click', 'payment_success', 'feature_click', 'payment_success', 'checkout_start', 'checkout_start', 'checkout_start', 'checkout_start', 'checkout_start', 'login', 'payment_success']",loyal_customers_rf,Business,France,Desktop,Healthcare,loyal_customers_rf,1.9069873036990879,0.5359241727325177,0.5949305446748019,-0.46114112858906453
fee9867c-0397-4219-8d8d-7e4db742113b,fee9867c-0397-4219-8d8d-7e4db742113b,"['login', 'logout', 'feature_click', 'logout', 'logout', 'trial_extension', 'feature_click', 'checkout_start', 'payment_success', 'feature_click', 'trial_extension', 'feature_click', 'checkout_start', 'logout', 'checkout_start', 'trial_extension', 'feature_click', 'login', 'login', 'payment_success', 'feature_click', 'login', 'payment_success', 'login', 'login', 'trial_extension', 'login', 'trial_extension', 'payment_success', 'trial_extension', 'logout', 'feature_click', 'trial_extension']",potential_loyalists_rf,Pro,Germany,Mobile,Healthcare,potential_loyalists_rf,-1.0632259323619186,0.3972499253811176,0.2122495597822071,-0.2301891521597896
ff648fe2-81bb-4241-b775-d2b9651f81ac,ff648fe2-81bb-4241-b775-d2b9651f81ac,"['payment_success', 'login', 'trial_extension', 'trial_extension', 'trial_extension', 'logout', 'checkout_start', 'trial_extension', 'feature_click', 'login', 'checkout_start', 'trial_extension', 'trial_extension', 'checkout_start', 'checkout_start', 'feature_click', 'feature_click', 'payment_success', 'feature_click', 'payment_success', 'trial_extension', 'trial_extension', 'logout', 'login', 'checkout_start', 'payment_success', 'logout', 'logout', 'feature_click', 'login']",need_attention_rf,Free,USA,Mobile,E-Commerce,need_attention_rf,0.8783749356111792,0.8519106109274247,-0.6750249512013893,0.8620432686750231
