user_id,event_sequence,steps_before_first_payment,total_payment_success,total_days,purchase_intented_event_days,segment_rf,plan_type__Free,plan_type__Pro,country__Germany,country__Turkey,country__UK,country__USA,device_type__Mobile,industry__Education,industry__Healthcare,industry__SaaS
00381c5b-527e-48d7-a78e-3406a3479620,"['checkout_start', 'payment_success', 'logout', 'logout', 'payment_success', 'feature_click', 'login', 'trial_extension', 'payment_success', 'payment_success', 'logout', 'checkout_start', 'payment_success', 'payment_success', 'logout', 'payment_success', 'payment_success', 'payment_success', 'payment_success', 'login', 'checkout_start', 'checkout_start', 'checkout_start', 'trial_extension', 'checkout_start', 'payment_success', 'login', 'logout', 'logout', 'checkout_start', 'logout']",1.0,11,7,7,loyal_customers_rf,True,False,False,False,False,False,False,False,True,False
00aaca82-902d-467b-8b52-47cc2dd04076,"['logout', 'checkout_start', 'trial_extension', 'trial_extension', 'feature_click', 'logout', 'login', 'checkout_start', 'checkout_start', 'login', 'trial_extension', 'checkout_start', 'checkout_start', 'payment_success', 'trial_extension', 'logout', 'logout', 'login', 'payment_success', 'trial_extension', 'payment_success', 'feature_click', 'login', 'checkout_start', 'checkout_start', 'payment_success', 'feature_click', 'login']",13.0,4,8,5,hibernating_rf,False,False,False,False,True,False,True,False,True,False
00d8c689-f2a7-448b-9393-20a6adca0868,"['payment_success', 'payment_success', 'checkout_start', 'payment_success', 'trial_extension', 'logout', 'payment_success', 'login', 'trial_extension', 'trial_extension', 'login', 'payment_success', 'payment_success', 'login', 'payment_success', 'trial_extension', 'feature_click', 'payment_success', 'trial_extension', 'trial_extension', 'login', 'trial_extension', 'payment_success', 'logout']",0.0,9,7,6,cant_loose_rf,False,True,True,False,False,False,False,False,True,False
0429cb6a-75bd-4ff9-ba88-37483e5f3e33,"['payment_success', 'login', 'payment_success', 'trial_extension', 'payment_success', 'trial_extension', 'logout', 'payment_success', 'trial_extension', 'checkout_start', 'logout', 'trial_extension', 'login', 'feature_click', 'login', 'logout', 'logout', 'logout', 'payment_success', 'payment_success', 'login', 'feature_click', 'login', 'payment_success', 'logout']",0.0,7,8,7,champions_rf,True,False,True,False,False,False,True,False,True,False
051b167b-c30d-4155-a35a-6093f480ea88,"['checkout_start', 'checkout_start', 'logout', 'logout', 'payment_success', 'checkout_start', 'feature_click', 'logout', 'logout', 'trial_extension', 'payment_success', 'logout', 'logout', 'logout', 'login', 'feature_click', 'payment_success', 'logout', 'login', 'trial_extension', 'checkout_start', 'feature_click', 'trial_extension', 'trial_extension', 'trial_extension', 'checkout_start']",4.0,3,8,7,new_customers_rf,False,False,False,False,False,False,True,False,False,True
059bff93-8694-4827-9d24-de56ef000fc7,"['feature_click', 'trial_extension', 'payment_success', 'logout', 'payment_success', 'trial_extension', 'logout', 'login', 'logout', 'feature_click', 'payment_success', 'feature_click', 'payment_success', 'logout', 'trial_extension', 'login', 'login', 'checkout_start', 'login', 'trial_extension', 'feature_click', 'payment_success', 'payment_success', 'trial_extension', 'login', 'trial_extension', 'trial_extension', 'logout', 'login', 'payment_success', 'feature_click', 'feature_click']",2.0,7,8,6,loyal_customers_rf,False,False,False,False,True,False,False,False,True,False
0dbb7dbb-5bee-4151-b5dc-d3f9b50b8ae2,"['trial_extension', 'payment_success', 'trial_extension', 'payment_success', 'login', 'payment_success', 'feature_click', 'checkout_start', 'checkout_start', 'trial_extension', 'login', 'logout', 'logout', 'checkout_start', 'payment_success', 'login', 'trial_extension', 'checkout_start', 'feature_click', 'payment_success', 'feature_click', 'trial_extension', 'trial_extension', 'payment_success', 'trial_extension', 'login', 'logout', 'payment_success', 'payment_success', 'payment_success', 'payment_success', 'payment_success', 'payment_success', 'feature_click', 'trial_extension']",1.0,12,8,7,cant_loose_rf,True,False,False,False,False,False,True,False,False,True
0e7b2651-6e0b-406c-8734-67adb6189838,"['payment_success', 'feature_click', 'logout', 'logout', 'payment_success', 'feature_click', 'logout', 'trial_extension', 'feature_click', 'checkout_start', 'payment_success', 'payment_success', 'checkout_start', 'feature_click', 'checkout_start', 'login', 'feature_click', 'checkout_start', 'trial_extension', 'checkout_start', 'feature_click', 'login', 'payment_success', 'login', 'payment_success', 'logout', 'logout', 'feature_click', 'feature_click']",0.0,6,8,6,need_attention_rf,False,True,False,False,True,False,True,False,True,False
1037e026-6055-4c3c-8583-098e2a2bf832,"['login', 'logout', 'payment_success', 'checkout_start', 'trial_extension', 'logout', 'checkout_start', 'trial_extension', 'trial_extension', 'trial_extension', 'login', 'login', 'login', 'logout', 'payment_success', 'trial_extension', 'logout', 'logout', 'feature_click', 'logout', 'logout', 'payment_success', 'trial_extension', 'trial_extension', 'logout', 'checkout_start', 'payment_success', 'trial_extension']",2.0,4,8,5,potential_loyalists_rf,True,False,True,False,False,False,True,False,False,True
10f96bdb-f0eb-402a-bf68-d09638a5252a,"['logout', 'logout', 'login', 'logout', 'login', 'logout', 'feature_click', 'login', 'payment_success', 'checkout_start', 'login', 'trial_extension', 'checkout_start', 'payment_success', 'trial_extension', 'feature_click', 'logout', 'login', 'payment_success', 'payment_success', 'login', 'logout', 'login', 'feature_click', 'checkout_start', 'logout']",8.0,4,8,5,potential_loyalists_rf,True,False,True,False,False,False,False,False,True,False
135b321e-2861-4195-830a-761f5893fec8,"['checkout_start', 'logout', 'feature_click', 'logout', 'logout', 'payment_success', 'feature_click', 'feature_click', 'payment_success', 'logout', 'checkout_start', 'login', 'checkout_start', 'payment_success', 'logout', 'checkout_start', 'trial_extension', 'checkout_start', 'checkout_start', 'payment_success', 'checkout_start', 'login', 'feature_click', 'logout']",5.0,4,8,6,hibernating_rf,False,False,False,True,False,False,False,False,True,False
1553a711-8d9d-437e-9d45-92ca2a31ac70,"['checkout_start', 'checkout_start', 'trial_extension', 'payment_success', 'checkout_start', 'feature_click', 'checkout_start', 'trial_extension', 'logout', 'feature_click', 'login', 'payment_success', 'logout', 'logout', 'logout', 'logout', 'checkout_start', 'checkout_start', 'payment_success', 'payment_success', 'feature_click', 'feature_click', 'checkout_start', 'payment_success', 'trial_extension', 'payment_success', 'payment_success']",3.0,7,8,7,cant_loose_rf,False,False,True,False,False,False,True,False,False,False
17a888ba-6992-4399-889c-8f3b53bf2b56,"['feature_click', 'trial_extension', 'login', 'trial_extension', 'login', 'trial_extension', 'payment_success', 'login', 'trial_extension', 'logout', 'feature_click', 'checkout_start', 'feature_click', 'trial_extension', 'payment_success', 'payment_success', 'payment_success', 'login', 'checkout_start', 'login', 'checkout_start', 'logout', 'feature_click', 'feature_click']",6.0,4,8,6,hibernating_rf,False,True,False,True,False,False,True,False,False,False
195ae1fb-f831-427d-bb3e-2a54277d5811,"['trial_extension', 'feature_click', 'feature_click', 'payment_success', 'logout', 'trial_extension', 'logout', 'trial_extension', 'login', 'logout', 'feature_click', 'login', 'logout', 'logout', 'trial_extension', 'logout', 'logout', 'logout', 'trial_extension', 'checkout_start', 'trial_extension', 'checkout_start', 'payment_success', 'trial_extension', 'checkout_start', 'feature_click', 'login']",3.0,2,8,4,about_to_sleep_rf,False,True,True,False,False,False,False,False,True,False
1996f70f-ad12-43c5-b576-842a6b9eafa5,"['payment_success', 'checkout_start', 'payment_success', 'login', 'feature_click', 'trial_extension', 'trial_extension', 'feature_click', 'feature_click', 'feature_click', 'feature_click', 'login', 'checkout_start', 'payment_success', 'checkout_start', 'feature_click', 'login', 'feature_click', 'payment_success', 'checkout_start', 'login', 'payment_success', 'logout', 'login', 'payment_success', 'payment_success']",0.0,7,8,7,cant_loose_rf,False,False,False,False,False,False,True,False,True,False
1bf1deb4-62e9-417f-a96c-e8fcc94deba8,"['logout', 'feature_click', 'checkout_start', 'login', 'checkout_start', 'login', 'checkout_start', 'checkout_start', 'checkout_start', 'payment_success', 'login', 'payment_success', 'trial_extension', 'login', 'feature_click', 'trial_extension', 'checkout_start', 'trial_extension', 'checkout_start', 'payment_success', 'checkout_start', 'payment_success', 'payment_success', 'feature_click', 'feature_click', 'login', 'login', 'login', 'logout', 'logout', 'payment_success']",9.0,6,8,7,loyal_customers_rf,True,False,False,False,False,True,True,False,True,False
1d32b55c-4620-4831-ad0b-6872774f339b,"['login', 'login', 'payment_success', 'logout', 'feature_click', 'payment_success', 'feature_click', 'payment_success', 'trial_extension', 'feature_click', 'feature_click', 'logout', 'login', 'feature_click', 'login', 'feature_click', 'checkout_start', 'trial_extension', 'feature_click', 'feature_click', 'payment_success', 'payment_success', 'payment_success', 'checkout_start', 'logout', 'feature_click', 'payment_success', 'login', 'trial_extension', 'logout', 'login', 'trial_extension']",2.0,7,7,5,champions_rf,False,True,False,False,False,False,True,False,False,True
1f9d4d16-3257-442f-8fb1-6d426d54607f,"['payment_success', 'trial_extension', 'login', 'checkout_start', 'trial_extension', 'checkout_start', 'payment_success', 'trial_extension', 'feature_click', 'feature_click', 'trial_extension', 'login', 'feature_click', 'login', 'checkout_start', 'payment_success', 'logout', 'login', 'logout', 'logout', 'payment_success', 'trial_extension']",0.0,4,8,5,potential_loyalists_rf,False,False,False,False,True,False,True,False,False,False
20b116bd-8295-4845-929b-31ebc5e3559f,"['checkout_start', 'logout', 'payment_success', 'trial_extension', 'login', 'trial_extension', 'payment_success', 'feature_click', 'payment_success', 'checkout_start', 'logout', 'payment_success', 'login', 'trial_extension', 'login', 'trial_extension', 'login', 'payment_success', 'checkout_start', 'logout', 'login', 'payment_success', 'checkout_start', 'login', 'trial_extension', 'checkout_start', 'trial_extension', 'login']",2.0,6,7,5,at_risk_rf,False,False,False,True,False,False,False,False,True,False
252d0091-bae4-4c5b-9caf-17cec47c4485,"['feature_click', 'checkout_start', 'trial_extension', 'trial_extension', 'trial_extension', 'logout', 'login', 'feature_click', 'login', 'payment_success', 'trial_extension', 'trial_extension', 'login', 'login', 'login', 'logout', 'login', 'login', 'checkout_start', 'checkout_start', 'feature_click', 'login', 'payment_success', 'trial_extension', 'payment_success', 'logout', 'checkout_start', 'login', 'logout', 'trial_extension', 'trial_extension', 'logout', 'payment_success']",9.0,4,8,6,potential_loyalists_rf,False,False,False,False,True,False,False,True,False,False
29540d3c-9d45-4575-ad9d-3b9c3b52b12e,"['payment_success', 'login', 'logout', 'trial_extension', 'feature_click', 'payment_success', 'payment_success', 'payment_success', 'trial_extension', 'checkout_start', 'payment_success', 'feature_click', 'payment_success', 'payment_success', 'payment_success', 'payment_success', 'checkout_start', 'trial_extension', 'feature_click', 'feature_click', 'checkout_start', 'payment_success', 'checkout_start', 'login', 'payment_success', 'payment_success', 'checkout_start', 'logout', 'checkout_start', 'feature_click', 'payment_success']",0.0,13,7,7,loyal_customers_rf,False,False,False,False,True,False,True,False,True,False
2b303091-c374-481c-8b30-04070f6ae88a,"['trial_extension', 'trial_extension', 'logout', 'payment_success', 'logout', 'login', 'checkout_start', 'trial_extension', 'checkout_start', 'trial_extension', 'checkout_start', 'payment_success', 'feature_click', 'payment_success', 'checkout_start', 'trial_extension', 'login', 'trial_extension', 'login', 'payment_success', 'logout', 'login', 'login', 'feature_click', 'checkout_start', 'checkout_start', 'payment_success', 'payment_success', 'checkout_start', 'feature_click', 'logout', 'feature_click', 'feature_click']",3.0,6,8,7,at_risk_rf,True,False,False,True,False,False,False,False,False,True
2bb0316b-3161-46c5-9626-153266e61d7c,"['payment_success', 'login', 'logout', 'trial_extension', 'trial_extension', 'payment_success', 'payment_success', 'trial_extension', 'trial_extension', 'feature_click', 'payment_success', 'login', 'login', 'login', 'checkout_start', 'checkout_start', 'payment_success', 'checkout_start', 'checkout_start', 'logout', 'login', 'trial_extension', 'checkout_start', 'login', 'trial_extension', 'checkout_start', 'logout', 'payment_success', 'login', 'trial_extension', 'payment_success']",0.0,7,8,7,cant_loose_rf,True,False,True,False,False,False,False,False,False,False
2cc5e8fb-5e56-4d32-8555-8e0a982eed4a,"['payment_success', 'payment_success', 'checkout_start', 'logout', 'trial_extension', 'payment_success', 'trial_extension', 'checkout_start', 'feature_click', 'trial_extension', 'feature_click', 'logout', 'login', 'payment_success', 'payment_success', 'trial_extension', 'trial_extension', 'checkout_start', 'login', 'trial_extension', 'logout', 'checkout_start', 'logout', 'trial_extension', 'login', 'checkout_start', 'logout', 'logout', 'checkout_start']",0.0,5,8,8,potential_loyalists_rf,True,False,False,False,True,False,False,False,False,True
2d9ca1db-1d0e-498f-ac32-72c9c860cf48,"['checkout_start', 'feature_click', 'trial_extension', 'trial_extension', 'payment_success', 'feature_click', 'logout', 'payment_success', 'payment_success', 'payment_success', 'payment_success', 'checkout_start', 'checkout_start', 'logout', 'login', 'checkout_start', 'payment_success', 'logout', 'logout', 'login', 'checkout_start', 'payment_success', 'logout', 'logout', 'checkout_start', 'login', 'payment_success', 'checkout_start', 'logout', 'payment_success']",4.0,9,8,8,loyal_customers_rf,True,False,False,True,False,False,True,False,True,False
30cf79f2-0dc6-4b98-b677-d9937e163757,"['logout', 'feature_click', 'feature_click', 'checkout_start', 'feature_click', 'checkout_start', 'logout', 'checkout_start', 'login', 'trial_extension', 'login', 'feature_click', 'login', 'payment_success', 'feature_click', 'feature_click', 'payment_success', 'trial_extension', 'payment_success', 'login', 'trial_extension', 'checkout_start', 'payment_success', 'checkout_start', 'payment_success', 'checkout_start', 'login', 'checkout_start', 'payment_success', 'trial_extension', 'checkout_start', 'feature_click', 'login', 'login', 'trial_extension', 'login', 'trial_extension', 'feature_click']",13.0,6,8,5,at_risk_rf,True,False,False,False,False,False,False,False,False,True
330f2800-9930-4a2f-a38c-1906bbd1be63,"['logout', 'logout', 'login', 'payment_success', 'checkout_start', 'logout', 'payment_success', 'login', 'logout', 'login', 'logout', 'logout', 'trial_extension', 'logout', 'trial_extension', 'feature_click', 'feature_click', 'logout', 'feature_click', 'login', 'checkout_start', 'logout', 'login', 'logout', 'checkout_start', 'feature_click']",3.0,2,7,4,promising_rf,False,True,False,True,False,False,False,True,False,False
37315586-6747-4190-b80d-c267479e9383,"['feature_click', 'login', 'feature_click', 'feature_click', 'payment_success', 'payment_success', 'trial_extension', 'login', 'feature_click', 'login', 'payment_success', 'login', 'payment_success', 'logout', 'feature_click', 'login', 'feature_click', 'logout', 'login', 'trial_extension', 'logout', 'trial_extension', 'login', 'checkout_start', 'checkout_start']",4.0,4,8,5,hibernating_rf,True,False,False,True,False,False,True,False,False,True
3814ded4-9cbd-41a7-b5a2-e2000c8660ba,"['feature_click', 'login', 'logout', 'checkout_start', 'trial_extension', 'trial_extension', 'login', 'login', 'logout', 'feature_click', 'checkout_start', 'login', 'login', 'logout', 'trial_extension', 'trial_extension', 'feature_click', 'feature_click', 'logout', 'trial_extension', 'payment_success', 'feature_click', 'payment_success', 'feature_click', 'logout']",20.0,2,8,4,hibernating_rf,False,False,False,False,True,False,True,False,False,True
39c1074a-af14-4aa5-8860-208682855fcd,"['logout', 'checkout_start', 'logout', 'login', 'login', 'checkout_start', 'logout', 'checkout_start', 'payment_success', 'checkout_start', 'login', 'checkout_start', 'trial_extension', 'feature_click', 'checkout_start', 'checkout_start', 'trial_extension', 'logout', 'payment_success', 'checkout_start', 'trial_extension', 'payment_success', 'feature_click', 'login', 'payment_success', 'login', 'login', 'logout', 'trial_extension', 'payment_success', 'trial_extension']",8.0,5,8,6,potential_loyalists_rf,True,False,False,False,False,True,True,False,True,False
4386cf87-24eb-4448-a2bb-265a39c9261a,"['logout', 'checkout_start', 'trial_extension', 'payment_success', 'feature_click', 'checkout_start', 'logout', 'feature_click', 'logout', 'payment_success', 'checkout_start', 'checkout_start', 'trial_extension', 'feature_click', 'feature_click', 'checkout_start', 'feature_click', 'feature_click', 'login', 'login', 'checkout_start', 'trial_extension', 'login', 'login', 'checkout_start', 'feature_click']",3.0,2,8,6,promising_rf,True,False,False,True,False,False,True,False,False,False
47bea422-c405-4600-922a-e576f4dc44c7,"['checkout_start', 'feature_click', 'trial_extension', 'feature_click', 'payment_success', 'trial_extension', 'trial_extension', 'payment_success', 'feature_click', 'checkout_start', 'feature_click', 'feature_click', 'feature_click', 'payment_success', 'logout', 'trial_extension', 'checkout_start', 'checkout_start', 'login', 'login', 'login', 'checkout_start', 'feature_click', 'payment_success', 'logout', 'trial_extension', 'checkout_start', 'login', 'payment_success', 'login']",4.0,5,7,7,at_risk_rf,True,False,False,False,False,True,True,False,False,True
49e52a0a-916b-4a26-9184-e84e3da946ce,"['login', 'payment_success', 'login', 'logout', 'feature_click', 'payment_success', 'feature_click', 'feature_click', 'checkout_start', 'feature_click', 'logout', 'login', 'trial_extension', 'feature_click', 'payment_success', 'trial_extension', 'checkout_start', 'payment_success', 'trial_extension', 'payment_success', 'payment_success', 'login', 'feature_click', 'feature_click', 'trial_extension', 'trial_extension', 'logout']",1.0,6,8,4,loyal_customers_rf,True,False,False,False,False,False,True,False,False,True
4ae0e3b1-b975-4aaa-8577-e24c0b776522,"['payment_success', 'payment_success', 'logout', 'logout', 'logout', 'trial_extension', 'logout', 'feature_click', 'trial_extension', 'payment_success', 'trial_extension', 'checkout_start', 'feature_click', 'checkout_start', 'payment_success', 'trial_extension', 'trial_extension', 'payment_success', 'login', 'payment_success', 'feature_click', 'feature_click', 'payment_success', 'login', 'feature_click', 'payment_success', 'login', 'checkout_start', 'trial_extension', 'login', 'payment_success', 'login', 'login', 'trial_extension', 'trial_extension']",0.0,9,8,6,champions_rf,True,False,False,False,False,False,True,False,True,False
4d07c71d-bf62-45e6-ae2e-c1e7ef17d22c,"['logout', 'login', 'payment_success', 'feature_click', 'logout', 'trial_extension', 'payment_success', 'feature_click', 'logout', 'login', 'feature_click', 'checkout_start', 'feature_click', 'trial_extension', 'feature_click', 'checkout_start', 'feature_click', 'login', 'feature_click', 'trial_extension', 'trial_extension', 'payment_success', 'logout', 'trial_extension', 'logout', 'payment_success']",2.0,4,8,6,about_to_sleep_rf,False,True,False,False,True,False,False,False,False,True
521cf522-51c0-4f32-9f3b-2f1dd3d80390,"['checkout_start', 'checkout_start', 'feature_click', 'checkout_start', 'trial_extension', 'feature_click', 'logout', 'feature_click', 'logout', 'logout', 'trial_extension', 'trial_extension', 'logout', 'logout', 'checkout_start', 'feature_click', 'payment_success', 'logout', 'logout', 'trial_extension', 'payment_success', 'payment_success', 'login']",16.0,3,8,4,promising_rf,False,True,False,False,False,False,False,False,False,True
52b55b5b-c36f-4502-be55-1a653487172c,"['checkout_start', 'payment_success', 'login', 'logout', 'feature_click', 'payment_success', 'feature_click', 'login', 'logout', 'feature_click', 'trial_extension', 'payment_success', 'login', 'checkout_start', 'checkout_start', 'checkout_start', 'payment_success', 'feature_click', 'payment_success', 'trial_extension', 'checkout_start', 'logout', 'payment_success', 'trial_extension']",1.0,6,8,7,at_risk_rf,True,False,False,False,True,False,False,False,False,True
55ff421e-0ac4-4fe0-a4de-0dc899acf8f7,"['login', 'logout', 'feature_click', 'trial_extension', 'logout', 'payment_success', 'checkout_start', 'checkout_start', 'login', 'trial_extension', 'login', 'payment_success', 'trial_extension', 'trial_extension', 'checkout_start', 'feature_click', 'login', 'login', 'trial_extension', 'logout', 'login', 'trial_extension', 'feature_click', 'logout', 'checkout_start', 'feature_click', 'login', 'checkout_start', 'logout', 'feature_click', 'login']",5.0,2,8,3,promising_rf,True,False,True,False,False,False,True,False,False,False
5807d473-a426-46c3-93b1-47cbb682fed9,"['feature_click', 'login', 'payment_success', 'trial_extension', 'feature_click', 'logout', 'checkout_start', 'payment_success', 'login', 'payment_success', 'trial_extension', 'logout', 'feature_click', 'feature_click', 'logout', 'checkout_start', 'feature_click', 'logout', 'checkout_start', 'logout', 'feature_click', 'trial_extension', 'logout', 'feature_click', 'trial_extension', 'payment_success', 'logout', 'trial_extension']",2.0,4,8,6,about_to_sleep_rf,False,False,False,True,False,False,True,False,False,True
5d58e17b-ca00-4266-aef4-f0050fb236b0,"['feature_click', 'trial_extension', 'checkout_start', 'feature_click', 'trial_extension', 'feature_click', 'feature_click', 'trial_extension', 'trial_extension', 'trial_extension', 'feature_click', 'feature_click', 'feature_click', 'logout', 'logout', 'logout', 'logout', 'payment_success', 'checkout_start', 'trial_extension', 'trial_extension', 'trial_extension', 'login', 'logout', 'payment_success', 'checkout_start', 'payment_success', 'feature_click', 'feature_click', 'checkout_start', 'payment_success', 'logout', 'feature_click', 'payment_success', 'checkout_start']",17.0,5,8,5,at_risk_rf,True,False,False,False,False,False,True,False,True,False
6013855f-f99f-46b7-a5d6-25fa6d1536cb,"['checkout_start', 'logout', 'logout', 'trial_extension', 'login', 'payment_success', 'logout', 'login', 'checkout_start', 'payment_success', 'logout', 'logout', 'login', 'logout', 'login', 'feature_click', 'checkout_start', 'feature_click', 'payment_success', 'feature_click', 'trial_extension', 'login', 'login', 'login', 'checkout_start', 'login', 'feature_click']",5.0,3,8,6,new_customers_rf,False,True,False,False,False,False,True,False,False,True
60d82608-5860-4066-bff0-55d3e35793ee,"['trial_extension', 'feature_click', 'checkout_start', 'feature_click', 'logout', 'feature_click', 'trial_extension', 'login', 'feature_click', 'checkout_start', 'checkout_start', 'checkout_start', 'feature_click', 'login', 'feature_click', 'checkout_start', 'logout', 'logout', 'feature_click', 'feature_click', 'payment_success', 'login', 'checkout_start', 'login', 'checkout_start', 'login', 'trial_extension', 'trial_extension']",20.0,1,8,4,hibernating_rf,True,False,True,False,False,False,False,True,False,False
66ece46c-47f7-45e5-b601-0ca162a96a9f,"['payment_success', 'checkout_start', 'feature_click', 'feature_click', 'logout', 'feature_click', 'trial_extension', 'checkout_start', 'login', 'feature_click', 'logout', 'login', 'trial_extension', 'trial_extension', 'trial_extension', 'login', 'checkout_start', 'trial_extension', 'login', 'feature_click', 'trial_extension', 'payment_success', 'checkout_start', 'feature_click']",0.0,2,8,5,hibernating_rf,False,True,False,False,False,False,True,False,False,False
6ad5e87b-3885-4209-9141-08fc2b6574d6,"['trial_extension', 'feature_click', 'feature_click', 'feature_click', 'trial_extension', 'login', 'checkout_start', 'checkout_start', 'logout', 'trial_extension', 'logout', 'login', 'checkout_start', 'payment_success', 'payment_success', 'feature_click', 'feature_click', 'trial_extension', 'logout', 'payment_success', 'payment_success', 'feature_click', 'trial_extension', 'checkout_start', 'login']",13.0,4,7,5,about_to_sleep_rf,False,True,False,False,True,False,True,False,False,False
7183f84f-a077-4c8b-b838-fde35379afb7,"['payment_success', 'login', 'login', 'logout', 'login', 'feature_click', 'trial_extension', 'login', 'login', 'checkout_start', 'checkout_start', 'logout', 'logout', 'feature_click', 'payment_success', 'checkout_start', 'feature_click', 'payment_success', 'payment_success', 'feature_click', 'logout', 'logout', 'trial_extension', 'payment_success', 'payment_success', 'trial_extension', 'payment_success', 'payment_success', 'trial_extension', 'login', 'logout', 'logout', 'payment_success', 'login']",0.0,9,8,6,champions_rf,False,False,False,False,False,True,False,False,False,False
722ea163-6e9a-4961-a1e8-68b152ff32ea,"['feature_click', 'checkout_start', 'logout', 'payment_success', 'login', 'login', 'logout', 'payment_success', 'payment_success', 'trial_extension', 'trial_extension', 'logout', 'feature_click', 'logout', 'checkout_start', 'logout', 'login', 'feature_click', 'payment_success', 'payment_success', 'trial_extension', 'logout', 'payment_success', 'checkout_start']",3.0,6,8,6,loyal_customers_rf,False,False,False,False,False,True,False,False,False,True
7c2a5c2f-6648-44f0-91fb-a84a9524f517,"['checkout_start', 'logout', 'trial_extension', 'trial_extension', 'logout', 'logout', 'logout', 'payment_success', 'feature_click', 'login', 'trial_extension', 'feature_click', 'trial_extension', 'trial_extension', 'logout', 'feature_click', 'checkout_start', 'logout', 'checkout_start', 'payment_success', 'feature_click', 'payment_success', 'logout', 'checkout_start', 'logout', 'login', 'checkout_start', 'logout', 'trial_extension', 'trial_extension', 'checkout_start', 'payment_success']",7.0,4,8,6,hibernating_rf,False,False,False,True,False,False,False,False,False,True
7dc4e7af-fd86-4595-9469-09156e4c1144,"['logout', 'logout', 'login', 'payment_success', 'payment_success', 'feature_click', 'trial_extension', 'checkout_start', 'payment_success', 'checkout_start', 'checkout_start', 'checkout_start', 'logout', 'checkout_start', 'login', 'payment_success', 'logout', 'checkout_start', 'logout', 'payment_success', 'login']",3.0,5,8,5,potential_loyalists_rf,True,False,False,False,False,False,False,False,False,True
84b54c39-bfef-4ca8-88d7-96e66d278051,"['feature_click', 'trial_extension', 'trial_extension', 'feature_click', 'logout', 'logout', 'payment_success', 'logout', 'trial_extension', 'trial_extension', 'logout', 'feature_click', 'logout', 'checkout_start', 'checkout_start', 'feature_click', 'checkout_start', 'trial_extension', 'logout', 'trial_extension', 'trial_extension', 'checkout_start', 'payment_success', 'logout', 'payment_success', 'login', 'feature_click', 'checkout_start', 'login', 'checkout_start', 'logout', 'login']",6.0,3,8,5,hibernating_rf,True,False,False,True,False,False,True,False,False,True
871c7489-37e1-456f-a212-b34ed15e0383,"['login', 'trial_extension', 'trial_extension', 'login', 'feature_click', 'logout', 'feature_click', 'feature_click', 'logout', 'login', 'checkout_start', 'payment_success', 'logout', 'payment_success', 'checkout_start', 'logout', 'checkout_start', 'login', 'payment_success', 'login', 'login', 'trial_extension', 'payment_success', 'feature_click']",11.0,4,8,3,about_to_sleep_rf,False,True,False,False,True,False,True,True,False,False
87eed6d8-591b-4806-9457-501bc90ef72f,"['login', 'trial_extension', 'checkout_start', 'logout', 'payment_success', 'checkout_start', 'checkout_start', 'checkout_start', 'trial_extension', 'payment_success', 'login', 'logout', 'payment_success', 'login', 'checkout_start', 'login', 'feature_click', 'login', 'login', 'checkout_start', 'trial_extension', 'login', 'logout', 'trial_extension', 'login', 'feature_click', 'payment_success', 'logout', 'checkout_start']",4.0,4,7,5,potential_loyalists_rf,True,False,True,False,False,False,True,False,False,True
892bd7d9-620d-482b-b25f-5652aa9d65ab,"['feature_click', 'logout', 'checkout_start', 'checkout_start', 'login', 'logout', 'checkout_start', 'logout', 'feature_click', 'feature_click', 'checkout_start', 'logout', 'checkout_start', 'feature_click', 'payment_success', 'login', 'trial_extension', 'logout', 'feature_click', 'payment_success', 'feature_click', 'checkout_start', 'feature_click', 'payment_success', 'feature_click', 'feature_click', 'login', 'checkout_start', 'trial_extension', 'payment_success', 'feature_click']",14.0,4,8,6,hibernating_rf,False,True,True,False,False,False,False,False,True,False
896a54c4-63ec-4091-8215-dc1529bc4e9a,"['checkout_start', 'payment_success', 'feature_click', 'logout', 'login', 'feature_click', 'feature_click', 'trial_extension', 'login', 'feature_click', 'feature_click', 'payment_success', 'feature_click', 'checkout_start', 'payment_success', 'feature_click', 'trial_extension', 'payment_success', 'payment_success', 'trial_extension', 'feature_click', 'trial_extension', 'payment_success', 'payment_success', 'checkout_start', 'login', 'payment_success', 'login', 'payment_success', 'trial_extension', 'payment_success']",1.0,10,8,7,champions_rf,False,True,False,False,False,True,True,False,False,True
8c9bc24a-93b4-4c15-969e-8c0fcf081067,"['checkout_start', 'trial_extension', 'checkout_start', 'logout', 'trial_extension', 'trial_extension', 'trial_extension', 'logout', 'payment_success', 'feature_click', 'login', 'login', 'payment_success', 'login', 'logout', 'login', 'logout', 'trial_extension', 'feature_click', 'feature_click', 'logout', 'login', 'logout', 'checkout_start', 'logout', 'feature_click', 'trial_extension', 'login', 'checkout_start']",8.0,2,8,5,hibernating_rf,False,False,False,False,True,False,False,False,True,False
8f67212d-4849-4d0c-a322-7ff3f36f0d8e,"['login', 'logout', 'trial_extension', 'checkout_start', 'logout', 'login', 'checkout_start', 'login', 'checkout_start', 'trial_extension', 'trial_extension', 'checkout_start', 'login', 'payment_success', 'payment_success', 'trial_extension', 'trial_extension', 'login', 'trial_extension', 'payment_success', 'checkout_start', 'trial_extension', 'payment_success', 'feature_click', 'checkout_start', 'checkout_start']",13.0,4,8,7,potential_loyalists_rf,False,True,True,False,False,False,False,False,True,False
916f3458-fe95-4056-9a62-ff586522c10e,"['payment_success', 'logout', 'logout', 'login', 'payment_success', 'login', 'login', 'payment_success', 'checkout_start', 'logout', 'checkout_start', 'feature_click', 'feature_click', 'trial_extension', 'trial_extension', 'logout', 'payment_success', 'feature_click', 'payment_success', 'payment_success', 'payment_success', 'feature_click', 'checkout_start', 'logout', 'checkout_start', 'logout', 'checkout_start', 'login', 'logout', 'payment_success', 'feature_click', 'login', 'login']",0.0,8,8,6,loyal_customers_rf,True,False,False,False,False,False,True,False,False,True
928097e3-8a32-481e-8b47-29e5b56ab285,"['checkout_start', 'logout', 'trial_extension', 'checkout_start', 'login', 'login', 'payment_success', 'login', 'feature_click', 'checkout_start', 'trial_extension', 'checkout_start', 'checkout_start', 'feature_click', 'logout', 'trial_extension', 'feature_click', 'logout', 'feature_click', 'feature_click', 'logout', 'logout', 'trial_extension', 'payment_success', 'trial_extension', 'payment_success', 'feature_click', 'trial_extension', 'feature_click', 'feature_click', 'trial_extension']",6.0,3,8,5,new_customers_rf,False,False,False,False,True,False,True,False,False,False
9555e2c4-6bab-44d0-aa72-a64cf3570002,"['checkout_start', 'login', 'payment_success', 'login', 'feature_click', 'trial_extension', 'checkout_start', 'feature_click', 'login', 'trial_extension', 'login', 'payment_success', 'trial_extension', 'login', 'payment_success', 'trial_extension', 'trial_extension', 'logout', 'checkout_start', 'payment_success', 'checkout_start', 'trial_extension', 'logout', 'checkout_start', 'logout', 'login', 'trial_extension', 'logout', 'login', 'trial_extension', 'logout', 'feature_click', 'login']",2.0,4,8,5,potential_loyalists_rf,False,False,False,False,False,True,False,False,True,False
95d2ff24-108d-4d0d-af65-6195ab0dc827,"['logout', 'checkout_start', 'trial_extension', 'checkout_start', 'checkout_start', 'logout', 'logout', 'login', 'payment_success', 'feature_click', 'payment_success', 'trial_extension', 'login', 'checkout_start', 'feature_click', 'login', 'trial_extension', 'feature_click', 'feature_click', 'logout', 'trial_extension', 'login', 'logout', 'feature_click', 'login', 'login', 'payment_success', 'login', 'trial_extension', 'checkout_start', 'checkout_start', 'payment_success', 'logout', 'login']",8.0,4,8,4,potential_loyalists_rf,True,False,False,False,True,False,True,False,False,True
9727faf9-d887-4f43-9b64-46cf8ba70a39,"['feature_click', 'feature_click', 'checkout_start', 'trial_extension', 'checkout_start', 'payment_success', 'logout', 'login', 'payment_success', 'logout', 'logout', 'checkout_start', 'trial_extension', 'login', 'payment_success', 'feature_click', 'logout', 'logout', 'checkout_start', 'checkout_start', 'trial_extension', 'feature_click', 'trial_extension', 'trial_extension', 'checkout_start', 'feature_click', 'payment_success']",5.0,4,8,5,potential_loyalists_rf,True,False,False,False,False,True,True,False,False,False
973acce4-d23c-4c23-9a1a-57c1e3b07416,"['trial_extension', 'checkout_start', 'payment_success', 'checkout_start', 'logout', 'feature_click', 'login', 'logout', 'feature_click', 'login', 'feature_click', 'login', 'checkout_start', 'feature_click', 'payment_success', 'payment_success', 'feature_click', 'logout', 'feature_click', 'login', 'feature_click', 'trial_extension', 'checkout_start', 'login']",2.0,3,8,5,about_to_sleep_rf,False,False,True,False,False,False,False,False,True,False
9cc0d41c-f9ac-4e02-80f4-e9f120c9a9b7,"['login', 'trial_extension', 'logout', 'login', 'feature_click', 'logout', 'checkout_start', 'login', 'checkout_start', 'trial_extension', 'logout', 'trial_extension', 'trial_extension', 'trial_extension', 'checkout_start', 'login', 'logout', 'trial_extension', 'trial_extension', 'trial_extension', 'trial_extension']",20.0,0,8,3,about_to_sleep_rf,True,False,False,False,True,False,False,False,True,False
a0357572-d01b-45cd-bf0a-434334671108,"['checkout_start', 'login', 'logout', 'logout', 'login', 'payment_success', 'payment_success', 'feature_click', 'login', 'payment_success', 'checkout_start', 'checkout_start', 'checkout_start', 'feature_click', 'feature_click', 'trial_extension', 'feature_click', 'trial_extension', 'checkout_start', 'login', 'feature_click', 'payment_success', 'login', 'logout', 'checkout_start', 'checkout_start', 'trial_extension', 'payment_success', 'checkout_start']",5.0,5,7,6,potential_loyalists_rf,False,False,False,True,False,False,True,False,False,False
a92f5e02-66b3-4f23-9b88-d8aa97a97c30,"['payment_success', 'feature_click', 'payment_success', 'checkout_start', 'checkout_start', 'checkout_start', 'checkout_start', 'feature_click', 'logout', 'checkout_start', 'checkout_start', 'logout', 'feature_click', 'logout', 'payment_success', 'logout', 'payment_success', 'payment_success', 'checkout_start', 'trial_extension', 'trial_extension', 'payment_success', 'logout', 'feature_click']",0.0,6,8,7,loyal_customers_rf,True,False,False,False,False,True,False,False,False,True
aa06a8cc-de35-42aa-abe6-ba26b7cae495,"['checkout_start', 'feature_click', 'payment_success', 'feature_click', 'payment_success', 'trial_extension', 'login', 'payment_success', 'trial_extension', 'trial_extension', 'logout', 'login', 'logout', 'checkout_start', 'login', 'payment_success', 'payment_success', 'payment_success', 'logout', 'payment_success', 'payment_success', 'checkout_start', 'payment_success', 'feature_click', 'trial_extension', 'logout', 'feature_click', 'logout']",2.0,9,8,6,loyal_customers_rf,False,True,False,False,True,False,True,True,False,False
b3ceff26-2650-4715-a79a-60a0a65050ac,"['logout', 'feature_click', 'feature_click', 'checkout_start', 'logout', 'payment_success', 'trial_extension', 'payment_success', 'feature_click', 'checkout_start', 'trial_extension', 'trial_extension', 'checkout_start', 'trial_extension', 'payment_success', 'logout', 'trial_extension', 'trial_extension', 'logout', 'login', 'checkout_start', 'checkout_start', 'login', 'trial_extension', 'trial_extension', 'payment_success', 'payment_success']",5.0,5,7,6,at_risk_rf,False,False,False,False,False,True,True,True,False,False
b3ddb988-82e1-42f1-8eaa-7c4f4e71264e,"['feature_click', 'feature_click', 'login', 'trial_extension', 'checkout_start', 'checkout_start', 'payment_success', 'login', 'payment_success', 'payment_success', 'logout', 'logout', 'checkout_start', 'payment_success', 'logout', 'logout', 'checkout_start', 'payment_success', 'login', 'payment_success', 'checkout_start', 'login', 'feature_click', 'logout', 'login', 'logout', 'checkout_start', 'trial_extension']",6.0,6,8,5,champions_rf,True,False,False,False,True,False,False,True,False,False
b70b565f-8283-4135-928a-8efee2006d33,"['checkout_start', 'logout', 'checkout_start', 'payment_success', 'payment_success', 'logout', 'logout', 'trial_extension', 'trial_extension', 'feature_click', 'login', 'feature_click', 'trial_extension', 'payment_success', 'logout', 'logout', 'payment_success', 'payment_success', 'payment_success', 'payment_success', 'payment_success', 'checkout_start', 'login', 'payment_success']",3.0,9,7,5,champions_rf,False,True,False,False,False,False,False,False,False,True
bd8c2820-74f9-44d2-8dd7-8dcc31c0dcdf,"['checkout_start', 'login', 'login', 'feature_click', 'logout', 'checkout_start', 'login', 'payment_success', 'login', 'feature_click', 'logout', 'payment_success', 'login', 'trial_extension', 'feature_click', 'logout', 'feature_click', 'payment_success', 'feature_click', 'trial_extension', 'trial_extension', 'login', 'login', 'login']",7.0,3,8,4,new_customers_rf,True,False,True,False,False,False,False,False,False,True
bef6f656-26c6-4143-b8e8-791988f849ac,"['checkout_start', 'login', 'trial_extension', 'payment_success', 'feature_click', 'trial_extension', 'logout', 'checkout_start', 'login', 'login', 'payment_success', 'logout', 'trial_extension', 'logout', 'trial_extension', 'trial_extension', 'checkout_start', 'feature_click', 'logout', 'payment_success', 'trial_extension', 'logout', 'feature_click', 'trial_extension']",3.0,3,7,5,hibernating_rf,False,False,False,False,True,False,False,False,True,False
c36be2fb-ebe2-422b-8987-62935c041016,"['logout', 'payment_success', 'checkout_start', 'feature_click', 'login', 'logout', 'login', 'checkout_start', 'trial_extension', 'logout', 'login', 'feature_click', 'payment_success', 'trial_extension', 'trial_extension', 'payment_success', 'logout', 'login', 'feature_click', 'checkout_start', 'trial_extension', 'login', 'trial_extension', 'trial_extension', 'logout', 'feature_click', 'login', 'trial_extension', 'checkout_start', 'login', 'login']",1.0,3,8,6,hibernating_rf,False,True,False,False,False,False,False,False,False,False
c376f5f0-1be0-4e76-b753-f842c57f959a,"['trial_extension', 'feature_click', 'checkout_start', 'checkout_start', 'feature_click', 'logout', 'logout', 'checkout_start', 'checkout_start', 'login', 'payment_success', 'logout', 'logout', 'trial_extension', 'logout', 'payment_success', 'logout', 'logout', 'payment_success', 'checkout_start', 'payment_success', 'logout', 'checkout_start', 'login', 'login', 'login', 'login', 'logout']",10.0,4,7,5,potential_loyalists_rf,False,True,False,False,False,False,True,False,True,False
c4cf2b14-88db-4fee-9e87-6d0d25dae510,"['payment_success', 'payment_success', 'logout', 'logout', 'checkout_start', 'payment_success', 'logout', 'logout', 'login', 'checkout_start', 'payment_success', 'logout', 'checkout_start', 'login', 'checkout_start', 'payment_success', 'login', 'logout', 'trial_extension', 'payment_success', 'trial_extension', 'checkout_start', 'checkout_start', 'payment_success', 'trial_extension']",0.0,7,8,8,cant_loose_rf,False,False,False,True,False,False,True,False,False,True
c5ddc6b4-aa4a-45dd-8655-011b64949ee4,"['logout', 'logout', 'payment_success', 'login', 'login', 'trial_extension', 'checkout_start', 'logout', 'logout', 'feature_click', 'trial_extension', 'checkout_start', 'logout', 'login', 'login', 'feature_click', 'checkout_start', 'feature_click', 'feature_click', 'checkout_start', 'checkout_start', 'feature_click', 'payment_success']",2.0,2,8,6,promising_rf,False,False,False,False,True,False,True,True,False,False
c9ba2a9b-504e-487a-a019-fa0665fe722d,"['payment_success', 'login', 'checkout_start', 'trial_extension', 'feature_click', 'logout', 'payment_success', 'logout', 'logout', 'checkout_start', 'login', 'trial_extension', 'logout', 'logout', 'login', 'feature_click', 'feature_click', 'feature_click', 'payment_success', 'payment_success', 'login', 'trial_extension', 'checkout_start', 'login', 'login', 'login', 'trial_extension']",0.0,4,8,6,at_risk_rf,False,True,False,False,False,False,True,False,False,False
cbe8d2d0-206b-4b3b-a6a2-6790cc823d31,"['trial_extension', 'feature_click', 'payment_success', 'feature_click', 'payment_success', 'trial_extension', 'checkout_start', 'logout', 'feature_click', 'feature_click', 'login', 'trial_extension', 'logout', 'logout', 'feature_click', 'logout', 'login', 'checkout_start', 'feature_click', 'feature_click', 'payment_success', 'trial_extension', 'trial_extension', 'logout', 'login', 'login']",2.0,3,7,3,hibernating_rf,True,False,True,False,False,False,True,False,False,False
cd204564-9328-44a8-a08d-62c14c4ad619,"['login', 'payment_success', 'login', 'feature_click', 'trial_extension', 'login', 'login', 'feature_click', 'logout', 'login', 'logout', 'checkout_start', 'trial_extension', 'logout', 'logout', 'logout', 'trial_extension', 'checkout_start', 'checkout_start', 'feature_click', 'feature_click', 'trial_extension', 'payment_success', 'trial_extension', 'payment_success', 'login', 'trial_extension', 'checkout_start', 'payment_success', 'logout', 'trial_extension', 'feature_click', 'login']",1.0,4,8,5,potential_loyalists_rf,False,False,True,False,False,False,False,True,False,False
cd3ee9af-0712-4f60-a695-78d822fdb92c,"['logout', 'feature_click', 'payment_success', 'logout', 'feature_click', 'login', 'trial_extension', 'login', 'feature_click', 'feature_click', 'logout', 'trial_extension', 'checkout_start', 'login', 'checkout_start', 'feature_click', 'trial_extension', 'feature_click', 'login', 'feature_click', 'logout', 'login', 'payment_success', 'logout', 'feature_click', 'trial_extension', 'login', 'checkout_start', 'logout', 'payment_success', 'trial_extension', 'payment_success', 'trial_extension', 'trial_extension']",2.0,4,8,6,at_risk_rf,False,False,False,False,False,False,False,False,False,False
cfba8cc5-8530-464e-8d6c-8a6dbd8b4252,"['trial_extension', 'feature_click', 'trial_extension', 'logout', 'payment_success', 'checkout_start', 'feature_click', 'logout', 'login', 'logout', 'feature_click', 'logout', 'trial_extension', 'payment_success', 'logout', 'trial_extension', 'logout', 'trial_extension', 'payment_success', 'logout', 'logout', 'logout', 'logout', 'feature_click', 'checkout_start', 'trial_extension', 'feature_click', 'feature_click', 'login', 'login', 'feature_click', 'trial_extension', 'checkout_start', 'login']",4.0,3,8,5,hibernating_rf,True,False,False,True,False,False,True,False,False,False
d0c682c7-8546-4f55-acf7-8f26985fc421,"['checkout_start', 'payment_success', 'login', 'feature_click', 'feature_click', 'payment_success', 'trial_extension', 'payment_success', 'trial_extension', 'feature_click', 'payment_success', 'trial_extension', 'logout', 'login', 'payment_success', 'feature_click', 'payment_success', 'logout', 'trial_extension', 'trial_extension', 'trial_extension']",1.0,6,8,6,loyal_customers_rf,False,True,True,False,False,False,False,False,True,False
d230fab5-250a-4ea1-a532-6bdfdf11833c,"['login', 'trial_extension', 'feature_click', 'checkout_start', 'payment_success', 'checkout_start', 'logout', 'checkout_start', 'login', 'trial_extension', 'login', 'login', 'trial_extension', 'trial_extension', 'feature_click', 'payment_success', 'payment_success', 'checkout_start', 'trial_extension', 'login', 'trial_extension', 'feature_click', 'logout', 'logout', 'login', 'feature_click', 'logout', 'feature_click', 'trial_extension', 'payment_success', 'logout', 'logout']",4.0,4,8,5,at_risk_rf,False,False,False,False,True,False,True,True,False,False
d50652d2-f851-4ad5-88ad-1f88c127e430,"['payment_success', 'checkout_start', 'logout', 'trial_extension', 'feature_click', 'payment_success', 'logout', 'payment_success', 'logout', 'payment_success', 'feature_click', 'trial_extension', 'logout', 'payment_success', 'trial_extension', 'trial_extension', 'checkout_start', 'trial_extension']",0.0,5,7,5,potential_loyalists_rf,False,False,False,False,False,True,False,False,False,False
d68c2b87-638a-49bf-96d4-a528e3cc6ceb,"['trial_extension', 'logout', 'feature_click', 'logout', 'feature_click', 'payment_success', 'payment_success', 'checkout_start', 'checkout_start', 'feature_click', 'feature_click', 'checkout_start', 'login', 'feature_click', 'logout', 'login', 'trial_extension', 'logout', 'login', 'login', 'payment_success', 'checkout_start', 'trial_extension', 'logout', 'logout', 'payment_success', 'logout', 'login']",5.0,4,8,5,need_attention_rf,False,False,False,False,False,True,False,False,False,False
e01a0fe4-dd44-4797-8b35-701c4bf37740,"['checkout_start', 'payment_success', 'login', 'payment_success', 'trial_extension', 'login', 'feature_click', 'feature_click', 'trial_extension', 'checkout_start', 'logout', 'payment_success', 'feature_click', 'trial_extension', 'logout', 'login', 'trial_extension', 'logout', 'checkout_start', 'feature_click', 'checkout_start', 'trial_extension', 'feature_click', 'trial_extension', 'feature_click']",1.0,3,8,5,about_to_sleep_rf,False,True,False,False,False,True,False,True,False,False
e14eb847-a7cc-4072-976a-8a96fbbb25b2,"['trial_extension', 'checkout_start', 'payment_success', 'payment_success', 'trial_extension', 'checkout_start', 'login', 'payment_success', 'login', 'feature_click', 'logout', 'trial_extension', 'payment_success', 'payment_success', 'trial_extension', 'feature_click', 'payment_success', 'checkout_start', 'payment_success', 'checkout_start', 'feature_click', 'feature_click', 'checkout_start', 'trial_extension', 'payment_success']",2.0,8,8,7,cant_loose_rf,False,True,True,False,False,False,True,False,True,False
e2fce059-39da-4ff9-9ccf-193707265043,"['payment_success', 'logout', 'checkout_start', 'payment_success', 'trial_extension', 'login', 'login', 'login', 'payment_success', 'checkout_start', 'feature_click', 'payment_success', 'logout', 'feature_click', 'trial_extension', 'logout', 'login', 'trial_extension', 'trial_extension', 'logout', 'payment_success', 'login', 'logout', 'logout', 'checkout_start', 'trial_extension', 'payment_success']",0.0,6,8,6,at_risk_rf,True,False,False,False,True,False,False,False,True,False
e310a622-2556-4be8-a427-bbf9c731f63b,"['feature_click', 'checkout_start', 'checkout_start', 'feature_click', 'payment_success', 'logout', 'feature_click', 'payment_success', 'checkout_start', 'payment_success', 'logout', 'logout', 'checkout_start', 'feature_click', 'feature_click', 'logout', 'payment_success', 'logout', 'login', 'payment_success', 'checkout_start', 'payment_success', 'feature_click', 'logout', 'payment_success', 'payment_success', 'checkout_start', 'checkout_start']",4.0,8,8,8,cant_loose_rf,False,True,False,False,True,False,True,False,True,False
e5657620-d980-4a07-8561-f9b32981ac2e,"['checkout_start', 'payment_success', 'checkout_start', 'login', 'trial_extension', 'login', 'login', 'feature_click', 'feature_click', 'checkout_start', 'feature_click', 'checkout_start', 'login', 'checkout_start', 'logout', 'trial_extension', 'logout', 'payment_success', 'checkout_start', 'trial_extension', 'checkout_start']",1.0,2,8,6,about_to_sleep_rf,False,True,True,False,False,False,False,True,False,False
e7520282-69ad-460c-9ffb-c7b5ed00ea03,"['feature_click', 'trial_extension', 'payment_success', 'payment_success', 'logout', 'feature_click', 'payment_success', 'feature_click', 'payment_success', 'payment_success', 'login', 'logout', 'logout', 'logout', 'feature_click', 'feature_click', 'payment_success', 'logout', 'checkout_start', 'login', 'payment_success', 'login', 'checkout_start', 'payment_success', 'checkout_start', 'login', 'payment_success', 'login', 'logout', 'feature_click', 'feature_click', 'logout', 'feature_click', 'login']",2.0,9,8,6,loyal_customers_rf,False,True,False,False,True,False,False,True,False,False
ea297f2b-98b9-4752-b484-39f63969d654,"['logout', 'login', 'checkout_start', 'trial_extension', 'login', 'login', 'feature_click', 'trial_extension', 'payment_success', 'checkout_start', 'feature_click', 'login', 'payment_success', 'payment_success', 'payment_success', 'logout', 'trial_extension', 'login', 'payment_success', 'feature_click', 'checkout_start', 'login', 'payment_success', 'trial_extension', 'checkout_start', 'checkout_start', 'checkout_start']",8.0,6,7,5,at_risk_rf,True,False,False,False,True,False,True,True,False,False
ef5ec769-89d6-4f73-9ab6-0f127e934910,"['checkout_start', 'checkout_start', 'logout', 'login', 'logout', 'feature_click', 'payment_success', 'feature_click', 'payment_success', 'payment_success', 'checkout_start', 'logout', 'trial_extension', 'logout', 'payment_success', 'payment_success', 'trial_extension', 'payment_success', 'checkout_start']",6.0,6,7,6,loyal_customers_rf,True,False,False,True,False,False,False,False,True,False
f17922be-3245-4dba-a513-813d4877108a,"['trial_extension', 'logout', 'payment_success', 'logout', 'feature_click', 'payment_success', 'feature_click', 'trial_extension', 'feature_click', 'feature_click', 'logout', 'payment_success', 'checkout_start', 'payment_success', 'logout', 'logout', 'payment_success', 'feature_click', 'payment_success', 'logout', 'checkout_start', 'checkout_start', 'checkout_start', 'logout', 'checkout_start', 'checkout_start', 'checkout_start', 'logout', 'logout', 'checkout_start', 'checkout_start']",2.0,6,7,6,loyal_customers_rf,False,True,False,False,False,False,True,False,False,False
f32df4b9-b298-43e9-9c91-ce79f5d05b86,"['logout', 'feature_click', 'login', 'payment_success', 'trial_extension', 'payment_success', 'login', 'payment_success', 'login', 'checkout_start', 'payment_success', 'feature_click', 'login', 'checkout_start', 'payment_success', 'feature_click', 'payment_success', 'logout', 'trial_extension', 'login', 'feature_click', 'login', 'checkout_start', 'logout', 'feature_click', 'checkout_start', 'feature_click', 'logout']",3.0,6,7,4,at_risk_rf,False,False,False,False,True,False,False,False,False,True
f8da8244-dffa-443b-82eb-8773bee81964,"['login', 'logout', 'checkout_start', 'payment_success', 'login', 'payment_success', 'checkout_start', 'trial_extension', 'login', 'login', 'checkout_start', 'login', 'feature_click', 'feature_click', 'login', 'logout', 'login', 'payment_success', 'logout', 'checkout_start', 'checkout_start', 'logout', 'payment_success', 'trial_extension', 'payment_success', 'logout', 'trial_extension', 'payment_success', 'logout', 'checkout_start', 'feature_click', 'trial_extension', 'feature_click']",3.0,6,8,7,at_risk_rf,False,False,False,False,False,False,True,False,True,False
f95a949d-ecf6-4a65-814a-b500e2d48158,"['checkout_start', 'checkout_start', 'trial_extension', 'feature_click', 'payment_success', 'login', 'logout', 'feature_click', 'checkout_start', 'checkout_start', 'logout', 'payment_success', 'feature_click', 'login', 'feature_click', 'login', 'payment_success', 'trial_extension', 'logout', 'payment_success', 'trial_extension', 'login', 'logout', 'login', 'payment_success', 'payment_success', 'logout', 'login']",4.0,6,8,7,champions_rf,False,False,False,False,True,False,False,False,True,False
f996149b-6e0d-4ff9-b2e9-717a8d2d3bfd,"['login', 'logout', 'payment_success', 'trial_extension', 'checkout_start', 'checkout_start', 'trial_extension', 'checkout_start', 'feature_click', 'trial_extension', 'login', 'feature_click', 'logout', 'logout', 'feature_click', 'payment_success', 'trial_extension', 'trial_extension', 'logout', 'trial_extension', 'feature_click', 'checkout_start', 'logout', 'logout', 'feature_click', 'logout', 'feature_click', 'trial_extension', 'payment_success', 'logout', 'trial_extension', 'feature_click', 'checkout_start']",2.0,3,8,6,potential_loyalists_rf,False,True,False,False,False,True,True,False,False,True
fa2b4edf-3efe-4f16-90fc-1d76bc7a9a34,"['trial_extension', 'login', 'login', 'feature_click', 'logout', 'feature_click', 'feature_click', 'payment_success', 'payment_success', 'checkout_start', 'payment_success', 'trial_extension', 'checkout_start', 'logout', 'payment_success', 'checkout_start', 'trial_extension', 'login', 'checkout_start', 'payment_success', 'login', 'logout', 'payment_success', 'trial_extension', 'checkout_start', 'feature_click', 'checkout_start', 'trial_extension', 'checkout_start']",7.0,6,8,7,loyal_customers_rf,True,False,False,True,False,False,False,False,False,False
fb00556e-d46d-4353-9bba-33f787638230,"['login', 'feature_click', 'payment_success', 'checkout_start', 'checkout_start', 'logout', 'logout', 'login', 'login', 'payment_success', 'checkout_start', 'feature_click', 'login', 'trial_extension', 'payment_success', 'logout', 'feature_click', 'trial_extension', 'logout', 'payment_success', 'payment_success', 'feature_click', 'payment_success', 'logout', 'login', 'feature_click', 'payment_success', 'feature_click', 'payment_success', 'checkout_start', 'checkout_start', 'checkout_start', 'checkout_start', 'checkout_start', 'login', 'payment_success']",2.0,9,8,7,loyal_customers_rf,False,False,False,False,False,False,False,False,True,False
fee9867c-0397-4219-8d8d-7e4db742113b,"['login', 'logout', 'feature_click', 'logout', 'logout', 'trial_extension', 'feature_click', 'checkout_start', 'payment_success', 'feature_click', 'trial_extension', 'feature_click', 'checkout_start', 'logout', 'checkout_start', 'trial_extension', 'feature_click', 'login', 'login', 'payment_success', 'feature_click', 'login', 'payment_success', 'login', 'login', 'trial_extension', 'login', 'trial_extension', 'payment_success', 'trial_extension', 'logout', 'feature_click', 'trial_extension']",8.0,4,8,5,potential_loyalists_rf,False,True,True,False,False,False,True,False,True,False
ff648fe2-81bb-4241-b775-d2b9651f81ac,"['payment_success', 'login', 'trial_extension', 'trial_extension', 'trial_extension', 'logout', 'checkout_start', 'trial_extension', 'feature_click', 'login', 'checkout_start', 'trial_extension', 'trial_extension', 'checkout_start', 'checkout_start', 'feature_click', 'feature_click', 'payment_success', 'feature_click', 'payment_success', 'trial_extension', 'trial_extension', 'logout', 'login', 'checkout_start', 'payment_success', 'logout', 'logout', 'feature_click', 'login']",0.0,4,8,7,need_attention_rf,True,False,False,False,False,True,True,False,False,False
